fileName,oldGroupName,oldAttributeName,newGroupName,newAttributeName,attributeValue
ais.csv,ht:low,rcc,Short Athletes,Red blood cell count,4.14
ais.csv,ht:low,rcc,Short Athletes,Red blood cell count,4.1
ais.csv,ht:low,rcc,Short Athletes,Red blood cell count,4.42
ais.csv,ht:low,rcc,Short Athletes,Red blood cell count,4.3
ais.csv,ht:low,rcc,Short Athletes,Red blood cell count,4.35
ais.csv,ht:low,rcc,Short Athletes,Red blood cell count,4.26
ais.csv,ht:low,rcc,Short Athletes,Red blood cell count,4.63
ais.csv,ht:low,rcc,Short Athletes,Red blood cell count,4.36
ais.csv,ht:low,rcc,Short Athletes,Red blood cell count,4.51
ais.csv,ht:low,rcc,Short Athletes,Red blood cell count,4.9
ais.csv,ht:low,rcc,Short Athletes,Red blood cell count,4.46
ais.csv,ht:low,rcc,Short Athletes,Red blood cell count,3.95
ais.csv,ht:low,rcc,Short Athletes,Red blood cell count,4.46
ais.csv,ht:low,rcc,Short Athletes,Red blood cell count,4.49
ais.csv,ht:low,rcc,Short Athletes,Red blood cell count,4.21
ais.csv,ht:low,rcc,Short Athletes,Red blood cell count,4.57
ais.csv,ht:low,rcc,Short Athletes,Red blood cell count,4.44
ais.csv,ht:low,rcc,Short Athletes,Red blood cell count,4.45
ais.csv,ht:low,rcc,Short Athletes,Red blood cell count,4.56
ais.csv,ht:low,rcc,Short Athletes,Red blood cell count,4.15
ais.csv,ht:low,rcc,Short Athletes,Red blood cell count,4.16
ais.csv,ht:low,rcc,Short Athletes,Red blood cell count,4.32
ais.csv,ht:low,rcc,Short Athletes,Red blood cell count,4.12
ais.csv,ht:low,rcc,Short Athletes,Red blood cell count,4.17
ais.csv,ht:low,rcc,Short Athletes,Red blood cell count,3.8
ais.csv,ht:low,rcc,Short Athletes,Red blood cell count,3.96
ais.csv,ht:low,rcc,Short Athletes,Red blood cell count,4.44
ais.csv,ht:low,rcc,Short Athletes,Red blood cell count,4.27
ais.csv,ht:low,rcc,Short Athletes,Red blood cell count,4.02
ais.csv,ht:low,rcc,Short Athletes,Red blood cell count,4.39
ais.csv,ht:low,rcc,Short Athletes,Red blood cell count,4.52
ais.csv,ht:low,rcc,Short Athletes,Red blood cell count,4.25
ais.csv,ht:low,rcc,Short Athletes,Red blood cell count,4.46
ais.csv,ht:low,rcc,Short Athletes,Red blood cell count,4.4
ais.csv,ht:low,rcc,Short Athletes,Red blood cell count,3.95
ais.csv,ht:low,rcc,Short Athletes,Red blood cell count,4.03
ais.csv,ht:low,rcc,Short Athletes,Red blood cell count,4.36
ais.csv,ht:low,rcc,Short Athletes,Red blood cell count,4.07
ais.csv,ht:low,rcc,Short Athletes,Red blood cell count,4.23
ais.csv,ht:low,rcc,Short Athletes,Red blood cell count,4.46
ais.csv,ht:low,rcc,Short Athletes,Red blood cell count,4.31
ais.csv,ht:low,rcc,Short Athletes,Red blood cell count,4.51
ais.csv,ht:low,rcc,Short Athletes,Red blood cell count,4.13
ais.csv,ht:low,rcc,Short Athletes,Red blood cell count,4.48
ais.csv,ht:low,rcc,Short Athletes,Red blood cell count,5.31
ais.csv,ht:low,rcc,Short Athletes,Red blood cell count,4.58
ais.csv,ht:low,rcc,Short Athletes,Red blood cell count,4.81
ais.csv,ht:low,rcc,Short Athletes,Red blood cell count,4.51
ais.csv,ht:low,rcc,Short Athletes,Red blood cell count,4.77
ais.csv,ht:low,rcc,Short Athletes,Red blood cell count,5.33
ais.csv,ht:low,rcc,Short Athletes,Red blood cell count,4.75
ais.csv,ht:low,rcc,Short Athletes,Red blood cell count,4.11
ais.csv,ht:low,rcc,Short Athletes,Red blood cell count,4.76
ais.csv,ht:low,rcc,Short Athletes,Red blood cell count,4.27
ais.csv,ht:low,rcc,Short Athletes,Red blood cell count,4.44
ais.csv,ht:low,rcc,Short Athletes,Red blood cell count,4.2
ais.csv,ht:low,rcc,Short Athletes,Red blood cell count,4.71
ais.csv,ht:low,rcc,Short Athletes,Red blood cell count,4.09
ais.csv,ht:low,rcc,Short Athletes,Red blood cell count,4.24
ais.csv,ht:low,rcc,Short Athletes,Red blood cell count,3.9
ais.csv,ht:low,rcc,Short Athletes,Red blood cell count,4.82
ais.csv,ht:low,rcc,Short Athletes,Red blood cell count,4.32
ais.csv,ht:low,rcc,Short Athletes,Red blood cell count,4.77
ais.csv,ht:low,rcc,Short Athletes,Red blood cell count,5.16
ais.csv,ht:low,rcc,Short Athletes,Red blood cell count,4.97
ais.csv,ht:low,rcc,Short Athletes,Red blood cell count,4
ais.csv,ht:low,rcc,Short Athletes,Red blood cell count,4.4
ais.csv,ht:low,rcc,Short Athletes,Red blood cell count,4.38
ais.csv,ht:low,rcc,Short Athletes,Red blood cell count,4.08
ais.csv,ht:low,rcc,Short Athletes,Red blood cell count,4.98
ais.csv,ht:low,rcc,Short Athletes,Red blood cell count,5.16
ais.csv,ht:low,rcc,Short Athletes,Red blood cell count,4.66
ais.csv,ht:low,rcc,Short Athletes,Red blood cell count,4.19
ais.csv,ht:low,rcc,Short Athletes,Red blood cell count,4.53
ais.csv,ht:low,rcc,Short Athletes,Red blood cell count,4.09
ais.csv,ht:low,rcc,Short Athletes,Red blood cell count,4.42
ais.csv,ht:low,rcc,Short Athletes,Red blood cell count,5.13
ais.csv,ht:low,rcc,Short Athletes,Red blood cell count,4.83
ais.csv,ht:low,rcc,Short Athletes,Red blood cell count,5.18
ais.csv,ht:low,rcc,Short Athletes,Red blood cell count,4.55
ais.csv,ht:low,rcc,Short Athletes,Red blood cell count,4.87
ais.csv,ht:low,rcc,Short Athletes,Red blood cell count,4.91
ais.csv,ht:low,rcc,Short Athletes,Red blood cell count,4.93
ais.csv,ht:low,rcc,Short Athletes,Red blood cell count,4.2
ais.csv,ht:low,rcc,Short Athletes,Red blood cell count,4.5
ais.csv,ht:low,rcc,Short Athletes,Red blood cell count,4.89
ais.csv,ht:low,rcc,Short Athletes,Red blood cell count,4.88
ais.csv,ht:low,rcc,Short Athletes,Red blood cell count,6.72
ais.csv,ht:low,rcc,Short Athletes,Red blood cell count,5.34
ais.csv,ht:low,rcc,Short Athletes,Red blood cell count,5.13
ais.csv,ht:low,rcc,Short Athletes,Red blood cell count,4.68
ais.csv,ht:low,rcc,Short Athletes,Red blood cell count,5
ais.csv,ht:low,rcc,Short Athletes,Red blood cell count,4.99
ais.csv,ht:low,rcc,Short Athletes,Red blood cell count,5.49
ais.csv,ht:low,rcc,Short Athletes,Red blood cell count,5.59
ais.csv,ht:low,rcc,Short Athletes,Red blood cell count,5.03
ais.csv,ht:low,rcc,Short Athletes,Red blood cell count,4.96
ais.csv,ht:low,rcc,Short Athletes,Red blood cell count,5.11
ais.csv,ht:low,rcc,Short Athletes,Red blood cell count,5.69
ais.csv,ht:low,rcc,Short Athletes,Red blood cell count,4.91
ais.csv,ht:low,rcc,Short Athletes,Red blood cell count,5.02
ais.csv,ht:low,rcc,Short Athletes,Red blood cell count,4.97
ais.csv,ht:high,rcc,Tall Athletes,Red blood cell count,3.96
ais.csv,ht:high,rcc,Tall Athletes,Red blood cell count,4.41
ais.csv,ht:high,rcc,Tall Athletes,Red blood cell count,4.11
ais.csv,ht:high,rcc,Tall Athletes,Red blood cell count,4.45
ais.csv,ht:high,rcc,Tall Athletes,Red blood cell count,4.31
ais.csv,ht:high,rcc,Tall Athletes,Red blood cell count,4.51
ais.csv,ht:high,rcc,Tall Athletes,Red blood cell count,4.71
ais.csv,ht:high,rcc,Tall Athletes,Red blood cell count,4.62
ais.csv,ht:high,rcc,Tall Athletes,Red blood cell count,3.91
ais.csv,ht:high,rcc,Tall Athletes,Red blood cell count,4.37
ais.csv,ht:high,rcc,Tall Athletes,Red blood cell count,5.02
ais.csv,ht:high,rcc,Tall Athletes,Red blood cell count,4.26
ais.csv,ht:high,rcc,Tall Athletes,Red blood cell count,4.46
ais.csv,ht:high,rcc,Tall Athletes,Red blood cell count,4.16
ais.csv,ht:high,rcc,Tall Athletes,Red blood cell count,4.87
ais.csv,ht:high,rcc,Tall Athletes,Red blood cell count,4.41
ais.csv,ht:high,rcc,Tall Athletes,Red blood cell count,4.87
ais.csv,ht:high,rcc,Tall Athletes,Red blood cell count,4.06
ais.csv,ht:high,rcc,Tall Athletes,Red blood cell count,3.9
ais.csv,ht:high,rcc,Tall Athletes,Red blood cell count,4.83
ais.csv,ht:high,rcc,Tall Athletes,Red blood cell count,4.23
ais.csv,ht:high,rcc,Tall Athletes,Red blood cell count,4.24
ais.csv,ht:high,rcc,Tall Athletes,Red blood cell count,4.17
ais.csv,ht:high,rcc,Tall Athletes,Red blood cell count,4.38
ais.csv,ht:high,rcc,Tall Athletes,Red blood cell count,5.09
ais.csv,ht:high,rcc,Tall Athletes,Red blood cell count,5.17
ais.csv,ht:high,rcc,Tall Athletes,Red blood cell count,5.11
ais.csv,ht:high,rcc,Tall Athletes,Red blood cell count,5.03
ais.csv,ht:high,rcc,Tall Athletes,Red blood cell count,5.32
ais.csv,ht:high,rcc,Tall Athletes,Red blood cell count,4.75
ais.csv,ht:high,rcc,Tall Athletes,Red blood cell count,5.34
ais.csv,ht:high,rcc,Tall Athletes,Red blood cell count,4.87
ais.csv,ht:high,rcc,Tall Athletes,Red blood cell count,5.33
ais.csv,ht:high,rcc,Tall Athletes,Red blood cell count,4.81
ais.csv,ht:high,rcc,Tall Athletes,Red blood cell count,4.32
ais.csv,ht:high,rcc,Tall Athletes,Red blood cell count,4.87
ais.csv,ht:high,rcc,Tall Athletes,Red blood cell count,5.04
ais.csv,ht:high,rcc,Tall Athletes,Red blood cell count,4.4
ais.csv,ht:high,rcc,Tall Athletes,Red blood cell count,4.95
ais.csv,ht:high,rcc,Tall Athletes,Red blood cell count,4.78
ais.csv,ht:high,rcc,Tall Athletes,Red blood cell count,5.21
ais.csv,ht:high,rcc,Tall Athletes,Red blood cell count,5.22
ais.csv,ht:high,rcc,Tall Athletes,Red blood cell count,5.4
ais.csv,ht:high,rcc,Tall Athletes,Red blood cell count,4.92
ais.csv,ht:high,rcc,Tall Athletes,Red blood cell count,5.24
ais.csv,ht:high,rcc,Tall Athletes,Red blood cell count,5.09
ais.csv,ht:high,rcc,Tall Athletes,Red blood cell count,4.83
ais.csv,ht:high,rcc,Tall Athletes,Red blood cell count,5.22
ais.csv,ht:high,rcc,Tall Athletes,Red blood cell count,4.71
ais.csv,ht:high,rcc,Tall Athletes,Red blood cell count,5.24
ais.csv,ht:high,rcc,Tall Athletes,Red blood cell count,4.54
ais.csv,ht:high,rcc,Tall Athletes,Red blood cell count,5.13
ais.csv,ht:high,rcc,Tall Athletes,Red blood cell count,5
ais.csv,ht:high,rcc,Tall Athletes,Red blood cell count,5.17
ais.csv,ht:high,rcc,Tall Athletes,Red blood cell count,4.89
ais.csv,ht:high,rcc,Tall Athletes,Red blood cell count,4.5
ais.csv,ht:high,rcc,Tall Athletes,Red blood cell count,4.84
ais.csv,ht:high,rcc,Tall Athletes,Red blood cell count,4.13
ais.csv,ht:high,rcc,Tall Athletes,Red blood cell count,4.87
ais.csv,ht:high,rcc,Tall Athletes,Red blood cell count,4.82
ais.csv,ht:high,rcc,Tall Athletes,Red blood cell count,4.73
ais.csv,ht:high,rcc,Tall Athletes,Red blood cell count,4.71
ais.csv,ht:high,rcc,Tall Athletes,Red blood cell count,4.93
ais.csv,ht:high,rcc,Tall Athletes,Red blood cell count,5.21
ais.csv,ht:high,rcc,Tall Athletes,Red blood cell count,5.09
ais.csv,ht:high,rcc,Tall Athletes,Red blood cell count,5.11
ais.csv,ht:high,rcc,Tall Athletes,Red blood cell count,4.94
ais.csv,ht:high,rcc,Tall Athletes,Red blood cell count,4.41
ais.csv,ht:high,rcc,Tall Athletes,Red blood cell count,4.86
ais.csv,ht:high,rcc,Tall Athletes,Red blood cell count,5.1
ais.csv,ht:high,rcc,Tall Athletes,Red blood cell count,5.13
ais.csv,ht:high,rcc,Tall Athletes,Red blood cell count,5
ais.csv,ht:high,rcc,Tall Athletes,Red blood cell count,5.48
ais.csv,ht:high,rcc,Tall Athletes,Red blood cell count,5.93
ais.csv,ht:high,rcc,Tall Athletes,Red blood cell count,5.01
ais.csv,ht:high,rcc,Tall Athletes,Red blood cell count,5.48
ais.csv,ht:high,rcc,Tall Athletes,Red blood cell count,5.16
ais.csv,ht:high,rcc,Tall Athletes,Red blood cell count,4.64
ais.csv,ht:high,rcc,Tall Athletes,Red blood cell count,4.83
ais.csv,ht:high,rcc,Tall Athletes,Red blood cell count,5.5
ais.csv,ht:high,rcc,Tall Athletes,Red blood cell count,5.11
ais.csv,ht:high,rcc,Tall Athletes,Red blood cell count,5.01
ais.csv,ht:high,rcc,Tall Athletes,Red blood cell count,4.63
ais.csv,ht:high,rcc,Tall Athletes,Red blood cell count,4.95
ais.csv,ht:high,rcc,Tall Athletes,Red blood cell count,5.34
ais.csv,ht:high,rcc,Tall Athletes,Red blood cell count,5.16
ais.csv,ht:high,rcc,Tall Athletes,Red blood cell count,5.29
ais.csv,ht:high,rcc,Tall Athletes,Red blood cell count,5.01
ais.csv,ht:high,rcc,Tall Athletes,Red blood cell count,5.03
ais.csv,ht:high,rcc,Tall Athletes,Red blood cell count,5.25
ais.csv,ht:high,rcc,Tall Athletes,Red blood cell count,5.08
ais.csv,ht:high,rcc,Tall Athletes,Red blood cell count,5.04
ais.csv,ht:high,rcc,Tall Athletes,Red blood cell count,4.63
ais.csv,ht:high,rcc,Tall Athletes,Red blood cell count,5.11
ais.csv,ht:high,rcc,Tall Athletes,Red blood cell count,5.34
ais.csv,ht:high,rcc,Tall Athletes,Red blood cell count,4.86
ais.csv,ht:high,rcc,Tall Athletes,Red blood cell count,4.9
ais.csv,ht:high,rcc,Tall Athletes,Red blood cell count,5.66
ais.csv,ht:high,rcc,Tall Athletes,Red blood cell count,5.03
ais.csv,ht:high,rcc,Tall Athletes,Red blood cell count,5.38
