fileName,oldGroupName,oldAttributeName,newGroupName,newAttributeName,attributeValue
Caschool.csv,testscr:low,expnstu,Schools with low test scores,Expenditure per student,5501.95458984375
Caschool.csv,testscr:low,expnstu,Schools with low test scores,Expenditure per student,7101.8310546875
Caschool.csv,testscr:low,expnstu,Schools with low test scores,Expenditure per student,5235.98779296875
Caschool.csv,testscr:low,expnstu,Schools with low test scores,Expenditure per student,5580.14697265625
Caschool.csv,testscr:low,expnstu,Schools with low test scores,Expenditure per student,5253.3310546875
Caschool.csv,testscr:low,expnstu,Schools with low test scores,Expenditure per student,4565.74609375
Caschool.csv,testscr:low,expnstu,Schools with low test scores,Expenditure per student,5355.54833984375
Caschool.csv,testscr:low,expnstu,Schools with low test scores,Expenditure per student,5036.21142578125
Caschool.csv,testscr:low,expnstu,Schools with low test scores,Expenditure per student,4547.6923828125
Caschool.csv,testscr:low,expnstu,Schools with low test scores,Expenditure per student,5447.34521484375
Caschool.csv,testscr:low,expnstu,Schools with low test scores,Expenditure per student,6567.1494140625
Caschool.csv,testscr:low,expnstu,Schools with low test scores,Expenditure per student,4818.61279296875
Caschool.csv,testscr:low,expnstu,Schools with low test scores,Expenditure per student,5621.4560546875
Caschool.csv,testscr:low,expnstu,Schools with low test scores,Expenditure per student,6026.35986328125
Caschool.csv,testscr:low,expnstu,Schools with low test scores,Expenditure per student,6723.23779296875
Caschool.csv,testscr:low,expnstu,Schools with low test scores,Expenditure per student,5589.88525390625
Caschool.csv,testscr:low,expnstu,Schools with low test scores,Expenditure per student,5064.61572265625
Caschool.csv,testscr:low,expnstu,Schools with low test scores,Expenditure per student,5433.59326171875
Caschool.csv,testscr:low,expnstu,Schools with low test scores,Expenditure per student,5725.5634765625
Caschool.csv,testscr:low,expnstu,Schools with low test scores,Expenditure per student,4542.10498046875
Caschool.csv,testscr:low,expnstu,Schools with low test scores,Expenditure per student,5107.08642578125
Caschool.csv,testscr:low,expnstu,Schools with low test scores,Expenditure per student,4659.66162109375
Caschool.csv,testscr:low,expnstu,Schools with low test scores,Expenditure per student,4555.46435546875
Caschool.csv,testscr:low,expnstu,Schools with low test scores,Expenditure per student,5415.15283203125
Caschool.csv,testscr:low,expnstu,Schools with low test scores,Expenditure per student,4997.87158203125
Caschool.csv,testscr:low,expnstu,Schools with low test scores,Expenditure per student,5223.912109375
Caschool.csv,testscr:low,expnstu,Schools with low test scores,Expenditure per student,5139.16455078125
Caschool.csv,testscr:low,expnstu,Schools with low test scores,Expenditure per student,4614.251953125
Caschool.csv,testscr:low,expnstu,Schools with low test scores,Expenditure per student,5342.2333984375
Caschool.csv,testscr:low,expnstu,Schools with low test scores,Expenditure per student,5347.45849609375
Caschool.csv,testscr:low,expnstu,Schools with low test scores,Expenditure per student,5036.458984375
Caschool.csv,testscr:low,expnstu,Schools with low test scores,Expenditure per student,5117.1416015625
Caschool.csv,testscr:low,expnstu,Schools with low test scores,Expenditure per student,5117.03955078125
Caschool.csv,testscr:low,expnstu,Schools with low test scores,Expenditure per student,5272.19189453125
Caschool.csv,testscr:low,expnstu,Schools with low test scores,Expenditure per student,5225.71923828125
Caschool.csv,testscr:low,expnstu,Schools with low test scores,Expenditure per student,6516.533203125
Caschool.csv,testscr:low,expnstu,Schools with low test scores,Expenditure per student,4559.1767578125
Caschool.csv,testscr:low,expnstu,Schools with low test scores,Expenditure per student,5119.158203125
Caschool.csv,testscr:low,expnstu,Schools with low test scores,Expenditure per student,5338.185546875
Caschool.csv,testscr:low,expnstu,Schools with low test scores,Expenditure per student,5090.044921875
Caschool.csv,testscr:low,expnstu,Schools with low test scores,Expenditure per student,5485.49609375
Caschool.csv,testscr:low,expnstu,Schools with low test scores,Expenditure per student,4793.3701171875
Caschool.csv,testscr:low,expnstu,Schools with low test scores,Expenditure per student,5092.91748046875
Caschool.csv,testscr:low,expnstu,Schools with low test scores,Expenditure per student,4359.52099609375
Caschool.csv,testscr:low,expnstu,Schools with low test scores,Expenditure per student,5645.49560546875
Caschool.csv,testscr:low,expnstu,Schools with low test scores,Expenditure per student,4518.01611328125
Caschool.csv,testscr:low,expnstu,Schools with low test scores,Expenditure per student,5864.3662109375
Caschool.csv,testscr:low,expnstu,Schools with low test scores,Expenditure per student,5257.99658203125
Caschool.csv,testscr:low,expnstu,Schools with low test scores,Expenditure per student,5016.6923828125
Caschool.csv,testscr:low,expnstu,Schools with low test scores,Expenditure per student,4720.08642578125
Caschool.csv,testscr:low,expnstu,Schools with low test scores,Expenditure per student,5470.5625
Caschool.csv,testscr:low,expnstu,Schools with low test scores,Expenditure per student,5615.44189453125
Caschool.csv,testscr:low,expnstu,Schools with low test scores,Expenditure per student,5245.43994140625
Caschool.csv,testscr:low,expnstu,Schools with low test scores,Expenditure per student,4838.17529296875
Caschool.csv,testscr:low,expnstu,Schools with low test scores,Expenditure per student,5367.98828125
Caschool.csv,testscr:low,expnstu,Schools with low test scores,Expenditure per student,5526.23681640625
Caschool.csv,testscr:low,expnstu,Schools with low test scores,Expenditure per student,4353.01953125
Caschool.csv,testscr:low,expnstu,Schools with low test scores,Expenditure per student,5034.2900390625
Caschool.csv,testscr:low,expnstu,Schools with low test scores,Expenditure per student,4692.49365234375
Caschool.csv,testscr:low,expnstu,Schools with low test scores,Expenditure per student,5606.78173828125
Caschool.csv,testscr:low,expnstu,Schools with low test scores,Expenditure per student,4969.1806640625
Caschool.csv,testscr:low,expnstu,Schools with low test scores,Expenditure per student,4675.6748046875
Caschool.csv,testscr:low,expnstu,Schools with low test scores,Expenditure per student,5306.1328125
Caschool.csv,testscr:low,expnstu,Schools with low test scores,Expenditure per student,5693.88330078125
Caschool.csv,testscr:low,expnstu,Schools with low test scores,Expenditure per student,5181.57958984375
Caschool.csv,testscr:low,expnstu,Schools with low test scores,Expenditure per student,5228.65087890625
Caschool.csv,testscr:low,expnstu,Schools with low test scores,Expenditure per student,5339.39111328125
Caschool.csv,testscr:low,expnstu,Schools with low test scores,Expenditure per student,6056.4970703125
Caschool.csv,testscr:low,expnstu,Schools with low test scores,Expenditure per student,4845.68017578125
Caschool.csv,testscr:low,expnstu,Schools with low test scores,Expenditure per student,4826.666015625
Caschool.csv,testscr:low,expnstu,Schools with low test scores,Expenditure per student,5367.09033203125
Caschool.csv,testscr:low,expnstu,Schools with low test scores,Expenditure per student,5742.73291015625
Caschool.csv,testscr:low,expnstu,Schools with low test scores,Expenditure per student,4136.2509765625
Caschool.csv,testscr:low,expnstu,Schools with low test scores,Expenditure per student,5267.8310546875
Caschool.csv,testscr:low,expnstu,Schools with low test scores,Expenditure per student,5238.39208984375
Caschool.csv,testscr:low,expnstu,Schools with low test scores,Expenditure per student,5462.8994140625
Caschool.csv,testscr:low,expnstu,Schools with low test scores,Expenditure per student,6313.37353515625
Caschool.csv,testscr:low,expnstu,Schools with low test scores,Expenditure per student,6653.03076171875
Caschool.csv,testscr:low,expnstu,Schools with low test scores,Expenditure per student,5533.1494140625
Caschool.csv,testscr:low,expnstu,Schools with low test scores,Expenditure per student,6118.71044921875
Caschool.csv,testscr:low,expnstu,Schools with low test scores,Expenditure per student,5098.626953125
Caschool.csv,testscr:low,expnstu,Schools with low test scores,Expenditure per student,5652.87890625
Caschool.csv,testscr:low,expnstu,Schools with low test scores,Expenditure per student,5329.00244140625
Caschool.csv,testscr:low,expnstu,Schools with low test scores,Expenditure per student,5929.80908203125
Caschool.csv,testscr:low,expnstu,Schools with low test scores,Expenditure per student,4897.06787109375
Caschool.csv,testscr:low,expnstu,Schools with low test scores,Expenditure per student,5100.2021484375
Caschool.csv,testscr:low,expnstu,Schools with low test scores,Expenditure per student,4825.72265625
Caschool.csv,testscr:low,expnstu,Schools with low test scores,Expenditure per student,4079.12915039062
Caschool.csv,testscr:low,expnstu,Schools with low test scores,Expenditure per student,5349.36767578125
Caschool.csv,testscr:low,expnstu,Schools with low test scores,Expenditure per student,5869.38916015625
Caschool.csv,testscr:low,expnstu,Schools with low test scores,Expenditure per student,6462.1279296875
Caschool.csv,testscr:low,expnstu,Schools with low test scores,Expenditure per student,6231.6015625
Caschool.csv,testscr:low,expnstu,Schools with low test scores,Expenditure per student,4993.86767578125
Caschool.csv,testscr:low,expnstu,Schools with low test scores,Expenditure per student,4663.81103515625
Caschool.csv,testscr:low,expnstu,Schools with low test scores,Expenditure per student,6107.1064453125
Caschool.csv,testscr:low,expnstu,Schools with low test scores,Expenditure per student,5324.22802734375
Caschool.csv,testscr:low,expnstu,Schools with low test scores,Expenditure per student,5221.4609375
Caschool.csv,testscr:low,expnstu,Schools with low test scores,Expenditure per student,5157.78466796875
Caschool.csv,testscr:low,expnstu,Schools with low test scores,Expenditure per student,5131.119140625
Caschool.csv,testscr:low,expnstu,Schools with low test scores,Expenditure per student,5279.35400390625
Caschool.csv,testscr:low,expnstu,Schools with low test scores,Expenditure per student,4704.0439453125
Caschool.csv,testscr:low,expnstu,Schools with low test scores,Expenditure per student,6089.91064453125
Caschool.csv,testscr:low,expnstu,Schools with low test scores,Expenditure per student,5356.83349609375
Caschool.csv,testscr:low,expnstu,Schools with low test scores,Expenditure per student,5144.54931640625
Caschool.csv,testscr:low,expnstu,Schools with low test scores,Expenditure per student,4906.22998046875
Caschool.csv,testscr:low,expnstu,Schools with low test scores,Expenditure per student,5489.5888671875
Caschool.csv,testscr:low,expnstu,Schools with low test scores,Expenditure per student,5718.55126953125
Caschool.csv,testscr:low,expnstu,Schools with low test scores,Expenditure per student,4436.15283203125
Caschool.csv,testscr:low,expnstu,Schools with low test scores,Expenditure per student,4895.439453125
Caschool.csv,testscr:low,expnstu,Schools with low test scores,Expenditure per student,5159.21875
Caschool.csv,testscr:low,expnstu,Schools with low test scores,Expenditure per student,5490.65478515625
Caschool.csv,testscr:low,expnstu,Schools with low test scores,Expenditure per student,5172.01953125
Caschool.csv,testscr:low,expnstu,Schools with low test scores,Expenditure per student,4441.6728515625
Caschool.csv,testscr:low,expnstu,Schools with low test scores,Expenditure per student,5220.3701171875
Caschool.csv,testscr:low,expnstu,Schools with low test scores,Expenditure per student,5252.810546875
Caschool.csv,testscr:low,expnstu,Schools with low test scores,Expenditure per student,5518.7021484375
Caschool.csv,testscr:low,expnstu,Schools with low test scores,Expenditure per student,5609.48779296875
Caschool.csv,testscr:low,expnstu,Schools with low test scores,Expenditure per student,4945.03173828125
Caschool.csv,testscr:low,expnstu,Schools with low test scores,Expenditure per student,5223.025390625
Caschool.csv,testscr:low,expnstu,Schools with low test scores,Expenditure per student,4757.025390625
Caschool.csv,testscr:low,expnstu,Schools with low test scores,Expenditure per student,5522.16162109375
Caschool.csv,testscr:low,expnstu,Schools with low test scores,Expenditure per student,6087.60888671875
Caschool.csv,testscr:low,expnstu,Schools with low test scores,Expenditure per student,4960.515625
Caschool.csv,testscr:low,expnstu,Schools with low test scores,Expenditure per student,4880.04052734375
Caschool.csv,testscr:low,expnstu,Schools with low test scores,Expenditure per student,6538.41796875
Caschool.csv,testscr:low,expnstu,Schools with low test scores,Expenditure per student,4925.65966796875
Caschool.csv,testscr:low,expnstu,Schools with low test scores,Expenditure per student,5204.6875
Caschool.csv,testscr:low,expnstu,Schools with low test scores,Expenditure per student,4907.41064453125
Caschool.csv,testscr:low,expnstu,Schools with low test scores,Expenditure per student,5923.45166015625
Caschool.csv,testscr:low,expnstu,Schools with low test scores,Expenditure per student,4741.95703125
Caschool.csv,testscr:low,expnstu,Schools with low test scores,Expenditure per student,4954.01953125
Caschool.csv,testscr:low,expnstu,Schools with low test scores,Expenditure per student,5500.10791015625
Caschool.csv,testscr:low,expnstu,Schools with low test scores,Expenditure per student,5360.51708984375
Caschool.csv,testscr:low,expnstu,Schools with low test scores,Expenditure per student,5685.63916015625
Caschool.csv,testscr:low,expnstu,Schools with low test scores,Expenditure per student,5594.1962890625
Caschool.csv,testscr:low,expnstu,Schools with low test scores,Expenditure per student,4692.56689453125
Caschool.csv,testscr:low,expnstu,Schools with low test scores,Expenditure per student,5085.40625
Caschool.csv,testscr:low,expnstu,Schools with low test scores,Expenditure per student,5456.197265625
Caschool.csv,testscr:low,expnstu,Schools with low test scores,Expenditure per student,5105.1796875
Caschool.csv,testscr:low,expnstu,Schools with low test scores,Expenditure per student,5519.67724609375
Caschool.csv,testscr:low,expnstu,Schools with low test scores,Expenditure per student,5065.9111328125
Caschool.csv,testscr:low,expnstu,Schools with low test scores,Expenditure per student,5182.42822265625
Caschool.csv,testscr:low,expnstu,Schools with low test scores,Expenditure per student,5960.46435546875
Caschool.csv,testscr:low,expnstu,Schools with low test scores,Expenditure per student,5124.83642578125
Caschool.csv,testscr:low,expnstu,Schools with low test scores,Expenditure per student,5655.13330078125
Caschool.csv,testscr:low,expnstu,Schools with low test scores,Expenditure per student,5811.68994140625
Caschool.csv,testscr:low,expnstu,Schools with low test scores,Expenditure per student,5467.673828125
Caschool.csv,testscr:low,expnstu,Schools with low test scores,Expenditure per student,5213.08935546875
Caschool.csv,testscr:low,expnstu,Schools with low test scores,Expenditure per student,4613.1875
Caschool.csv,testscr:low,expnstu,Schools with low test scores,Expenditure per student,4886.98388671875
Caschool.csv,testscr:low,expnstu,Schools with low test scores,Expenditure per student,6455.13671875
Caschool.csv,testscr:low,expnstu,Schools with low test scores,Expenditure per student,5125.43310546875
Caschool.csv,testscr:low,expnstu,Schools with low test scores,Expenditure per student,5193.6923828125
Caschool.csv,testscr:low,expnstu,Schools with low test scores,Expenditure per student,5002.8388671875
Caschool.csv,testscr:low,expnstu,Schools with low test scores,Expenditure per student,5337.62548828125
Caschool.csv,testscr:low,expnstu,Schools with low test scores,Expenditure per student,5161.2021484375
Caschool.csv,testscr:low,expnstu,Schools with low test scores,Expenditure per student,5158.7919921875
Caschool.csv,testscr:low,expnstu,Schools with low test scores,Expenditure per student,5123.47412109375
Caschool.csv,testscr:low,expnstu,Schools with low test scores,Expenditure per student,5782.5439453125
Caschool.csv,testscr:low,expnstu,Schools with low test scores,Expenditure per student,4842.60791015625
Caschool.csv,testscr:low,expnstu,Schools with low test scores,Expenditure per student,4219.40625
Caschool.csv,testscr:low,expnstu,Schools with low test scores,Expenditure per student,5081.169921875
Caschool.csv,testscr:low,expnstu,Schools with low test scores,Expenditure per student,5144.99365234375
Caschool.csv,testscr:low,expnstu,Schools with low test scores,Expenditure per student,4674.298828125
Caschool.csv,testscr:low,expnstu,Schools with low test scores,Expenditure per student,4830.326171875
Caschool.csv,testscr:low,expnstu,Schools with low test scores,Expenditure per student,5621.68798828125
Caschool.csv,testscr:low,expnstu,Schools with low test scores,Expenditure per student,4948.8681640625
Caschool.csv,testscr:low,expnstu,Schools with low test scores,Expenditure per student,5100.9755859375
Caschool.csv,testscr:low,expnstu,Schools with low test scores,Expenditure per student,5132.78857421875
Caschool.csv,testscr:low,expnstu,Schools with low test scores,Expenditure per student,5358.51708984375
Caschool.csv,testscr:low,expnstu,Schools with low test scores,Expenditure per student,5149.1865234375
Caschool.csv,testscr:low,expnstu,Schools with low test scores,Expenditure per student,5373.20654296875
Caschool.csv,testscr:low,expnstu,Schools with low test scores,Expenditure per student,6485.166015625
Caschool.csv,testscr:low,expnstu,Schools with low test scores,Expenditure per student,5504.025390625
Caschool.csv,testscr:low,expnstu,Schools with low test scores,Expenditure per student,5105.734375
Caschool.csv,testscr:low,expnstu,Schools with low test scores,Expenditure per student,5634.73095703125
Caschool.csv,testscr:low,expnstu,Schools with low test scores,Expenditure per student,4980.29443359375
Caschool.csv,testscr:low,expnstu,Schools with low test scores,Expenditure per student,6113.85986328125
Caschool.csv,testscr:low,expnstu,Schools with low test scores,Expenditure per student,5850
Caschool.csv,testscr:low,expnstu,Schools with low test scores,Expenditure per student,4547.94482421875
Caschool.csv,testscr:low,expnstu,Schools with low test scores,Expenditure per student,5011.84033203125
Caschool.csv,testscr:low,expnstu,Schools with low test scores,Expenditure per student,5261.37060546875
Caschool.csv,testscr:low,expnstu,Schools with low test scores,Expenditure per student,4276.115234375
Caschool.csv,testscr:low,expnstu,Schools with low test scores,Expenditure per student,4566.27001953125
Caschool.csv,testscr:low,expnstu,Schools with low test scores,Expenditure per student,6049.4951171875
Caschool.csv,testscr:low,expnstu,Schools with low test scores,Expenditure per student,4974.28125
Caschool.csv,testscr:low,expnstu,Schools with low test scores,Expenditure per student,4432.47802734375
Caschool.csv,testscr:low,expnstu,Schools with low test scores,Expenditure per student,4924.619140625
Caschool.csv,testscr:low,expnstu,Schools with low test scores,Expenditure per student,4603.65966796875
Caschool.csv,testscr:low,expnstu,Schools with low test scores,Expenditure per student,5973.92529296875
Caschool.csv,testscr:low,expnstu,Schools with low test scores,Expenditure per student,5215.94384765625
Caschool.csv,testscr:low,expnstu,Schools with low test scores,Expenditure per student,4882.23681640625
Caschool.csv,testscr:low,expnstu,Schools with low test scores,Expenditure per student,4145.8359375
Caschool.csv,testscr:low,expnstu,Schools with low test scores,Expenditure per student,7542.0380859375
Caschool.csv,testscr:low,expnstu,Schools with low test scores,Expenditure per student,5247.01806640625
Caschool.csv,testscr:low,expnstu,Schools with low test scores,Expenditure per student,5169.81494140625
Caschool.csv,testscr:low,expnstu,Schools with low test scores,Expenditure per student,5951.005859375
Caschool.csv,testscr:low,expnstu,Schools with low test scores,Expenditure per student,4746.572265625
Caschool.csv,testscr:low,expnstu,Schools with low test scores,Expenditure per student,4944.09228515625
Caschool.csv,testscr:low,expnstu,Schools with low test scores,Expenditure per student,6306.4873046875
Caschool.csv,testscr:low,expnstu,Schools with low test scores,Expenditure per student,4260.306640625
Caschool.csv,testscr:low,expnstu,Schools with low test scores,Expenditure per student,4718.1630859375
Caschool.csv,testscr:low,expnstu,Schools with low test scores,Expenditure per student,4751.2998046875
Caschool.csv,testscr:low,expnstu,Schools with low test scores,Expenditure per student,5653.45361328125
Caschool.csv,testscr:low,expnstu,Schools with low test scores,Expenditure per student,5920.25341796875
Caschool.csv,testscr:low,expnstu,Schools with low test scores,Expenditure per student,4825.5908203125
Caschool.csv,testscr:low,expnstu,Schools with low test scores,Expenditure per student,5532.58203125
Caschool.csv,testscr:low,expnstu,Schools with low test scores,Expenditure per student,3926.06958007812
Caschool.csv,testscr:low,expnstu,Schools with low test scores,Expenditure per student,5805.63671875
Caschool.csv,testscr:low,expnstu,Schools with low test scores,Expenditure per student,4402.83154296875
Caschool.csv,testscr:high,expnstu,Schools with high test scores,Expenditure per student,6384.9111328125
Caschool.csv,testscr:high,expnstu,Schools with high test scores,Expenditure per student,5099.380859375
Caschool.csv,testscr:high,expnstu,Schools with high test scores,Expenditure per student,4899.23974609375
Caschool.csv,testscr:high,expnstu,Schools with high test scores,Expenditure per student,4884.8623046875
Caschool.csv,testscr:high,expnstu,Schools with high test scores,Expenditure per student,5139.9375
Caschool.csv,testscr:high,expnstu,Schools with high test scores,Expenditure per student,5249.36474609375
Caschool.csv,testscr:high,expnstu,Schools with high test scores,Expenditure per student,5399.0703125
Caschool.csv,testscr:high,expnstu,Schools with high test scores,Expenditure per student,4965.2900390625
Caschool.csv,testscr:high,expnstu,Schools with high test scores,Expenditure per student,6210.3232421875
Caschool.csv,testscr:high,expnstu,Schools with high test scores,Expenditure per student,4797.50341796875
Caschool.csv,testscr:high,expnstu,Schools with high test scores,Expenditure per student,5397.16162109375
Caschool.csv,testscr:high,expnstu,Schools with high test scores,Expenditure per student,5078.5
Caschool.csv,testscr:high,expnstu,Schools with high test scores,Expenditure per student,4733.74658203125
Caschool.csv,testscr:high,expnstu,Schools with high test scores,Expenditure per student,4963.06005859375
Caschool.csv,testscr:high,expnstu,Schools with high test scores,Expenditure per student,5431.17724609375
Caschool.csv,testscr:high,expnstu,Schools with high test scores,Expenditure per student,5382.0888671875
Caschool.csv,testscr:high,expnstu,Schools with high test scores,Expenditure per student,5724.44189453125
Caschool.csv,testscr:high,expnstu,Schools with high test scores,Expenditure per student,4843.42724609375
Caschool.csv,testscr:high,expnstu,Schools with high test scores,Expenditure per student,5730.34912109375
Caschool.csv,testscr:high,expnstu,Schools with high test scores,Expenditure per student,5635.7861328125
Caschool.csv,testscr:high,expnstu,Schools with high test scores,Expenditure per student,5671.6572265625
Caschool.csv,testscr:high,expnstu,Schools with high test scores,Expenditure per student,7070.63330078125
Caschool.csv,testscr:high,expnstu,Schools with high test scores,Expenditure per student,5097.34326171875
Caschool.csv,testscr:high,expnstu,Schools with high test scores,Expenditure per student,5482.67724609375
Caschool.csv,testscr:high,expnstu,Schools with high test scores,Expenditure per student,5642.83203125
Caschool.csv,testscr:high,expnstu,Schools with high test scores,Expenditure per student,5280.0234375
Caschool.csv,testscr:high,expnstu,Schools with high test scores,Expenditure per student,5433.33984375
Caschool.csv,testscr:high,expnstu,Schools with high test scores,Expenditure per student,4529.28369140625
Caschool.csv,testscr:high,expnstu,Schools with high test scores,Expenditure per student,6039.98583984375
Caschool.csv,testscr:high,expnstu,Schools with high test scores,Expenditure per student,6168.2294921875
Caschool.csv,testscr:high,expnstu,Schools with high test scores,Expenditure per student,5774.97021484375
Caschool.csv,testscr:high,expnstu,Schools with high test scores,Expenditure per student,4806.76171875
Caschool.csv,testscr:high,expnstu,Schools with high test scores,Expenditure per student,4840.93603515625
Caschool.csv,testscr:high,expnstu,Schools with high test scores,Expenditure per student,4954.46630859375
Caschool.csv,testscr:high,expnstu,Schools with high test scores,Expenditure per student,4023.53173828125
Caschool.csv,testscr:high,expnstu,Schools with high test scores,Expenditure per student,5179.4111328125
Caschool.csv,testscr:high,expnstu,Schools with high test scores,Expenditure per student,4385.2294921875
Caschool.csv,testscr:high,expnstu,Schools with high test scores,Expenditure per student,4777.5126953125
Caschool.csv,testscr:high,expnstu,Schools with high test scores,Expenditure per student,4862.79052734375
Caschool.csv,testscr:high,expnstu,Schools with high test scores,Expenditure per student,5486.02978515625
Caschool.csv,testscr:high,expnstu,Schools with high test scores,Expenditure per student,5486.38232421875
Caschool.csv,testscr:high,expnstu,Schools with high test scores,Expenditure per student,4631.24365234375
Caschool.csv,testscr:high,expnstu,Schools with high test scores,Expenditure per student,5189.6279296875
Caschool.csv,testscr:high,expnstu,Schools with high test scores,Expenditure per student,4600.6064453125
Caschool.csv,testscr:high,expnstu,Schools with high test scores,Expenditure per student,6735.775390625
Caschool.csv,testscr:high,expnstu,Schools with high test scores,Expenditure per student,5475.1728515625
Caschool.csv,testscr:high,expnstu,Schools with high test scores,Expenditure per student,5990.79443359375
Caschool.csv,testscr:high,expnstu,Schools with high test scores,Expenditure per student,7203.24658203125
Caschool.csv,testscr:high,expnstu,Schools with high test scores,Expenditure per student,4777.76904296875
Caschool.csv,testscr:high,expnstu,Schools with high test scores,Expenditure per student,4302.8349609375
Caschool.csv,testscr:high,expnstu,Schools with high test scores,Expenditure per student,5630.19482421875
Caschool.csv,testscr:high,expnstu,Schools with high test scores,Expenditure per student,4708.625
Caschool.csv,testscr:high,expnstu,Schools with high test scores,Expenditure per student,5629.96142578125
Caschool.csv,testscr:high,expnstu,Schools with high test scores,Expenditure per student,4890.98681640625
Caschool.csv,testscr:high,expnstu,Schools with high test scores,Expenditure per student,4929.39306640625
Caschool.csv,testscr:high,expnstu,Schools with high test scores,Expenditure per student,4905.22119140625
Caschool.csv,testscr:high,expnstu,Schools with high test scores,Expenditure per student,5156.85693359375
Caschool.csv,testscr:high,expnstu,Schools with high test scores,Expenditure per student,4941.78759765625
Caschool.csv,testscr:high,expnstu,Schools with high test scores,Expenditure per student,5408.78173828125
Caschool.csv,testscr:high,expnstu,Schools with high test scores,Expenditure per student,4981.3876953125
Caschool.csv,testscr:high,expnstu,Schools with high test scores,Expenditure per student,4877.08642578125
Caschool.csv,testscr:high,expnstu,Schools with high test scores,Expenditure per student,5111.7392578125
Caschool.csv,testscr:high,expnstu,Schools with high test scores,Expenditure per student,5201.515625
Caschool.csv,testscr:high,expnstu,Schools with high test scores,Expenditure per student,4138.3056640625
Caschool.csv,testscr:high,expnstu,Schools with high test scores,Expenditure per student,5743.59716796875
Caschool.csv,testscr:high,expnstu,Schools with high test scores,Expenditure per student,5702.705078125
Caschool.csv,testscr:high,expnstu,Schools with high test scores,Expenditure per student,4802.15283203125
Caschool.csv,testscr:high,expnstu,Schools with high test scores,Expenditure per student,5442.14306640625
Caschool.csv,testscr:high,expnstu,Schools with high test scores,Expenditure per student,4522.37548828125
Caschool.csv,testscr:high,expnstu,Schools with high test scores,Expenditure per student,4965.80810546875
Caschool.csv,testscr:high,expnstu,Schools with high test scores,Expenditure per student,5358.326171875
Caschool.csv,testscr:high,expnstu,Schools with high test scores,Expenditure per student,5784.625
Caschool.csv,testscr:high,expnstu,Schools with high test scores,Expenditure per student,5072.70458984375
Caschool.csv,testscr:high,expnstu,Schools with high test scores,Expenditure per student,5556.041015625
Caschool.csv,testscr:high,expnstu,Schools with high test scores,Expenditure per student,5190.31005859375
Caschool.csv,testscr:high,expnstu,Schools with high test scores,Expenditure per student,5211.4853515625
Caschool.csv,testscr:high,expnstu,Schools with high test scores,Expenditure per student,5284.1640625
Caschool.csv,testscr:high,expnstu,Schools with high test scores,Expenditure per student,5331.9208984375
Caschool.csv,testscr:high,expnstu,Schools with high test scores,Expenditure per student,5599.60791015625
Caschool.csv,testscr:high,expnstu,Schools with high test scores,Expenditure per student,4881.8994140625
Caschool.csv,testscr:high,expnstu,Schools with high test scores,Expenditure per student,4700.43212890625
Caschool.csv,testscr:high,expnstu,Schools with high test scores,Expenditure per student,5650
Caschool.csv,testscr:high,expnstu,Schools with high test scores,Expenditure per student,5318.24072265625
Caschool.csv,testscr:high,expnstu,Schools with high test scores,Expenditure per student,4709.05419921875
Caschool.csv,testscr:high,expnstu,Schools with high test scores,Expenditure per student,5143.1904296875
Caschool.csv,testscr:high,expnstu,Schools with high test scores,Expenditure per student,5133.009765625
Caschool.csv,testscr:high,expnstu,Schools with high test scores,Expenditure per student,5081.45556640625
Caschool.csv,testscr:high,expnstu,Schools with high test scores,Expenditure per student,4016.41625976562
Caschool.csv,testscr:high,expnstu,Schools with high test scores,Expenditure per student,5374.05029296875
Caschool.csv,testscr:high,expnstu,Schools with high test scores,Expenditure per student,5427.548828125
Caschool.csv,testscr:high,expnstu,Schools with high test scores,Expenditure per student,5179.64453125
Caschool.csv,testscr:high,expnstu,Schools with high test scores,Expenditure per student,5400
Caschool.csv,testscr:high,expnstu,Schools with high test scores,Expenditure per student,5726.146484375
Caschool.csv,testscr:high,expnstu,Schools with high test scores,Expenditure per student,5003.8701171875
Caschool.csv,testscr:high,expnstu,Schools with high test scores,Expenditure per student,4969.51123046875
Caschool.csv,testscr:high,expnstu,Schools with high test scores,Expenditure per student,4747.2958984375
Caschool.csv,testscr:high,expnstu,Schools with high test scores,Expenditure per student,4543.30517578125
Caschool.csv,testscr:high,expnstu,Schools with high test scores,Expenditure per student,5229.59130859375
Caschool.csv,testscr:high,expnstu,Schools with high test scores,Expenditure per student,4507.35302734375
Caschool.csv,testscr:high,expnstu,Schools with high test scores,Expenditure per student,5302.6279296875
Caschool.csv,testscr:high,expnstu,Schools with high test scores,Expenditure per student,5545.6103515625
Caschool.csv,testscr:high,expnstu,Schools with high test scores,Expenditure per student,4615.90869140625
Caschool.csv,testscr:high,expnstu,Schools with high test scores,Expenditure per student,5397.689453125
Caschool.csv,testscr:high,expnstu,Schools with high test scores,Expenditure per student,5118.373046875
Caschool.csv,testscr:high,expnstu,Schools with high test scores,Expenditure per student,5008.07080078125
Caschool.csv,testscr:high,expnstu,Schools with high test scores,Expenditure per student,4906.0302734375
Caschool.csv,testscr:high,expnstu,Schools with high test scores,Expenditure per student,6870.34619140625
Caschool.csv,testscr:high,expnstu,Schools with high test scores,Expenditure per student,5301.71630859375
Caschool.csv,testscr:high,expnstu,Schools with high test scores,Expenditure per student,5182.36572265625
Caschool.csv,testscr:high,expnstu,Schools with high test scores,Expenditure per student,4999.46875
Caschool.csv,testscr:high,expnstu,Schools with high test scores,Expenditure per student,6732.06640625
Caschool.csv,testscr:high,expnstu,Schools with high test scores,Expenditure per student,4612.98974609375
Caschool.csv,testscr:high,expnstu,Schools with high test scores,Expenditure per student,5478.845703125
Caschool.csv,testscr:high,expnstu,Schools with high test scores,Expenditure per student,5666.7138671875
Caschool.csv,testscr:high,expnstu,Schools with high test scores,Expenditure per student,4742.51416015625
Caschool.csv,testscr:high,expnstu,Schools with high test scores,Expenditure per student,4907.392578125
Caschool.csv,testscr:high,expnstu,Schools with high test scores,Expenditure per student,5700.40234375
Caschool.csv,testscr:high,expnstu,Schools with high test scores,Expenditure per student,5191.83447265625
Caschool.csv,testscr:high,expnstu,Schools with high test scores,Expenditure per student,4451.2568359375
Caschool.csv,testscr:high,expnstu,Schools with high test scores,Expenditure per student,5627.52783203125
Caschool.csv,testscr:high,expnstu,Schools with high test scores,Expenditure per student,4922.93994140625
Caschool.csv,testscr:high,expnstu,Schools with high test scores,Expenditure per student,4969.380859375
Caschool.csv,testscr:high,expnstu,Schools with high test scores,Expenditure per student,4829.71728515625
Caschool.csv,testscr:high,expnstu,Schools with high test scores,Expenditure per student,6716.69287109375
Caschool.csv,testscr:high,expnstu,Schools with high test scores,Expenditure per student,5205.94189453125
Caschool.csv,testscr:high,expnstu,Schools with high test scores,Expenditure per student,4357.826171875
Caschool.csv,testscr:high,expnstu,Schools with high test scores,Expenditure per student,5195.9189453125
Caschool.csv,testscr:high,expnstu,Schools with high test scores,Expenditure per student,6002.07177734375
Caschool.csv,testscr:high,expnstu,Schools with high test scores,Expenditure per student,5090.587890625
Caschool.csv,testscr:high,expnstu,Schools with high test scores,Expenditure per student,5112.39013671875
Caschool.csv,testscr:high,expnstu,Schools with high test scores,Expenditure per student,5287.35498046875
Caschool.csv,testscr:high,expnstu,Schools with high test scores,Expenditure per student,4889.47998046875
Caschool.csv,testscr:high,expnstu,Schools with high test scores,Expenditure per student,5118.13037109375
Caschool.csv,testscr:high,expnstu,Schools with high test scores,Expenditure per student,5119.123046875
Caschool.csv,testscr:high,expnstu,Schools with high test scores,Expenditure per student,4792.21142578125
Caschool.csv,testscr:high,expnstu,Schools with high test scores,Expenditure per student,5450.103515625
Caschool.csv,testscr:high,expnstu,Schools with high test scores,Expenditure per student,5210.724609375
Caschool.csv,testscr:high,expnstu,Schools with high test scores,Expenditure per student,4715.44580078125
Caschool.csv,testscr:high,expnstu,Schools with high test scores,Expenditure per student,4632.068359375
Caschool.csv,testscr:high,expnstu,Schools with high test scores,Expenditure per student,5028.5615234375
Caschool.csv,testscr:high,expnstu,Schools with high test scores,Expenditure per student,5695.466796875
Caschool.csv,testscr:high,expnstu,Schools with high test scores,Expenditure per student,4504.294921875
Caschool.csv,testscr:high,expnstu,Schools with high test scores,Expenditure per student,5156.43701171875
Caschool.csv,testscr:high,expnstu,Schools with high test scores,Expenditure per student,5433.51416015625
Caschool.csv,testscr:high,expnstu,Schools with high test scores,Expenditure per student,5254.6318359375
Caschool.csv,testscr:high,expnstu,Schools with high test scores,Expenditure per student,4593.19677734375
Caschool.csv,testscr:high,expnstu,Schools with high test scores,Expenditure per student,4320.6787109375
Caschool.csv,testscr:high,expnstu,Schools with high test scores,Expenditure per student,4920.77734375
Caschool.csv,testscr:high,expnstu,Schools with high test scores,Expenditure per student,6905.869140625
Caschool.csv,testscr:high,expnstu,Schools with high test scores,Expenditure per student,5729.904296875
Caschool.csv,testscr:high,expnstu,Schools with high test scores,Expenditure per student,4825.2021484375
Caschool.csv,testscr:high,expnstu,Schools with high test scores,Expenditure per student,5388.17041015625
Caschool.csv,testscr:high,expnstu,Schools with high test scores,Expenditure per student,5133.8271484375
Caschool.csv,testscr:high,expnstu,Schools with high test scores,Expenditure per student,5346.15625
Caschool.csv,testscr:high,expnstu,Schools with high test scores,Expenditure per student,4789.30908203125
Caschool.csv,testscr:high,expnstu,Schools with high test scores,Expenditure per student,5329.7822265625
Caschool.csv,testscr:high,expnstu,Schools with high test scores,Expenditure per student,5371.1728515625
Caschool.csv,testscr:high,expnstu,Schools with high test scores,Expenditure per student,5771.3837890625
Caschool.csv,testscr:high,expnstu,Schools with high test scores,Expenditure per student,4993.634765625
Caschool.csv,testscr:high,expnstu,Schools with high test scores,Expenditure per student,4854.0380859375
Caschool.csv,testscr:high,expnstu,Schools with high test scores,Expenditure per student,4392.6796875
Caschool.csv,testscr:high,expnstu,Schools with high test scores,Expenditure per student,5884.43212890625
Caschool.csv,testscr:high,expnstu,Schools with high test scores,Expenditure per student,4273.9931640625
Caschool.csv,testscr:high,expnstu,Schools with high test scores,Expenditure per student,5146.7841796875
Caschool.csv,testscr:high,expnstu,Schools with high test scores,Expenditure per student,5351.52294921875
Caschool.csv,testscr:high,expnstu,Schools with high test scores,Expenditure per student,7667.57177734375
Caschool.csv,testscr:high,expnstu,Schools with high test scores,Expenditure per student,5281.708984375
Caschool.csv,testscr:high,expnstu,Schools with high test scores,Expenditure per student,5368.5029296875
Caschool.csv,testscr:high,expnstu,Schools with high test scores,Expenditure per student,6429.25732421875
Caschool.csv,testscr:high,expnstu,Schools with high test scores,Expenditure per student,5387.458984375
Caschool.csv,testscr:high,expnstu,Schools with high test scores,Expenditure per student,5235.77490234375
Caschool.csv,testscr:high,expnstu,Schools with high test scores,Expenditure per student,4829.896484375
Caschool.csv,testscr:high,expnstu,Schools with high test scores,Expenditure per student,5088.7080078125
Caschool.csv,testscr:high,expnstu,Schools with high test scores,Expenditure per student,5390.1181640625
Caschool.csv,testscr:high,expnstu,Schools with high test scores,Expenditure per student,6588.4306640625
Caschool.csv,testscr:high,expnstu,Schools with high test scores,Expenditure per student,6196.69482421875
Caschool.csv,testscr:high,expnstu,Schools with high test scores,Expenditure per student,4645.4130859375
Caschool.csv,testscr:high,expnstu,Schools with high test scores,Expenditure per student,6489.9287109375
Caschool.csv,testscr:high,expnstu,Schools with high test scores,Expenditure per student,5094.958984375
Caschool.csv,testscr:high,expnstu,Schools with high test scores,Expenditure per student,4841.95849609375
Caschool.csv,testscr:high,expnstu,Schools with high test scores,Expenditure per student,6315.3125
Caschool.csv,testscr:high,expnstu,Schools with high test scores,Expenditure per student,5399.38330078125
Caschool.csv,testscr:high,expnstu,Schools with high test scores,Expenditure per student,5429.4736328125
Caschool.csv,testscr:high,expnstu,Schools with high test scores,Expenditure per student,5644.2861328125
Caschool.csv,testscr:high,expnstu,Schools with high test scores,Expenditure per student,6060.2568359375
Caschool.csv,testscr:high,expnstu,Schools with high test scores,Expenditure per student,5319.5537109375
Caschool.csv,testscr:high,expnstu,Schools with high test scores,Expenditure per student,4819.90380859375
Caschool.csv,testscr:high,expnstu,Schools with high test scores,Expenditure per student,5208.22607421875
Caschool.csv,testscr:high,expnstu,Schools with high test scores,Expenditure per student,5859.96484375
Caschool.csv,testscr:high,expnstu,Schools with high test scores,Expenditure per student,4962.73681640625
Caschool.csv,testscr:high,expnstu,Schools with high test scores,Expenditure per student,7614.37939453125
Caschool.csv,testscr:high,expnstu,Schools with high test scores,Expenditure per student,5566.4677734375
Caschool.csv,testscr:high,expnstu,Schools with high test scores,Expenditure per student,7039.94921875
Caschool.csv,testscr:high,expnstu,Schools with high test scores,Expenditure per student,6604.06396484375
Caschool.csv,testscr:high,expnstu,Schools with high test scores,Expenditure per student,6180.14892578125
Caschool.csv,testscr:high,expnstu,Schools with high test scores,Expenditure per student,6460.6572265625
Caschool.csv,testscr:high,expnstu,Schools with high test scores,Expenditure per student,6415.35498046875
Caschool.csv,testscr:high,expnstu,Schools with high test scores,Expenditure per student,5230.876953125
Caschool.csv,testscr:high,expnstu,Schools with high test scores,Expenditure per student,5838.171875
Caschool.csv,testscr:high,expnstu,Schools with high test scores,Expenditure per student,7711.5068359375
Caschool.csv,testscr:high,expnstu,Schools with high test scores,Expenditure per student,5592.76513671875
Caschool.csv,testscr:high,expnstu,Schools with high test scores,Expenditure per student,5933.154296875
Caschool.csv,testscr:high,expnstu,Schools with high test scores,Expenditure per student,7593.40576171875
Caschool.csv,testscr:high,expnstu,Schools with high test scores,Expenditure per student,6500.44970703125
Caschool.csv,testscr:high,expnstu,Schools with high test scores,Expenditure per student,7217.26318359375
Caschool.csv,testscr:high,expnstu,Schools with high test scores,Expenditure per student,5392.638671875
Caschool.csv,testscr:high,expnstu,Schools with high test scores,Expenditure per student,7290.3388671875
Caschool.csv,testscr:high,expnstu,Schools with high test scores,Expenditure per student,5741.462890625
Caschool.csv,testscr:high,expnstu,Schools with high test scores,Expenditure per student,4776.33642578125
Caschool.csv,testscr:high,expnstu,Schools with high test scores,Expenditure per student,5993.392578125
