fileName,oldGroupName,oldAttributeName,newGroupName,newAttributeName,attributeValue
Caschool.csv,testscr:low,avginc,Schools with low test scores,Average income of the district,8.97799968719482
Caschool.csv,testscr:low,avginc,Schools with low test scores,Average income of the district,8.97799968719482
Caschool.csv,testscr:low,avginc,Schools with low test scores,Average income of the district,9.08033275604248
Caschool.csv,testscr:low,avginc,Schools with low test scores,Average income of the district,10.414999961853
Caschool.csv,testscr:low,avginc,Schools with low test scores,Average income of the district,6.5770001411438
Caschool.csv,testscr:low,avginc,Schools with low test scores,Average income of the district,8.17399978637695
Caschool.csv,testscr:low,avginc,Schools with low test scores,Average income of the district,7.38500022888184
Caschool.csv,testscr:low,avginc,Schools with low test scores,Average income of the district,11.6133327484131
Caschool.csv,testscr:low,avginc,Schools with low test scores,Average income of the district,8.93099975585938
Caschool.csv,testscr:low,avginc,Schools with low test scores,Average income of the district,7.38500022888184
Caschool.csv,testscr:low,avginc,Schools with low test scores,Average income of the district,5.33500003814697
Caschool.csv,testscr:low,avginc,Schools with low test scores,Average income of the district,8.2790002822876
Caschool.csv,testscr:low,avginc,Schools with low test scores,Average income of the district,9.63000011444092
Caschool.csv,testscr:low,avginc,Schools with low test scores,Average income of the district,7.4539999961853
Caschool.csv,testscr:low,avginc,Schools with low test scores,Average income of the district,6.21600008010864
Caschool.csv,testscr:low,avginc,Schools with low test scores,Average income of the district,7.76399993896484
Caschool.csv,testscr:low,avginc,Schools with low test scores,Average income of the district,7.02199983596802
Caschool.csv,testscr:low,avginc,Schools with low test scores,Average income of the district,5.69899988174438
Caschool.csv,testscr:low,avginc,Schools with low test scores,Average income of the district,7.94099998474121
Caschool.csv,testscr:low,avginc,Schools with low test scores,Average income of the district,9.63000011444092
Caschool.csv,testscr:low,avginc,Schools with low test scores,Average income of the district,7.40500020980835
Caschool.csv,testscr:low,avginc,Schools with low test scores,Average income of the district,9.63000011444092
Caschool.csv,testscr:low,avginc,Schools with low test scores,Average income of the district,8.01900005340576
Caschool.csv,testscr:low,avginc,Schools with low test scores,Average income of the district,8.52299976348877
Caschool.csv,testscr:low,avginc,Schools with low test scores,Average income of the district,7.98318147659302
Caschool.csv,testscr:low,avginc,Schools with low test scores,Average income of the district,7.30499982833862
Caschool.csv,testscr:low,avginc,Schools with low test scores,Average income of the district,8.93400001525879
Caschool.csv,testscr:low,avginc,Schools with low test scores,Average income of the district,8.55399990081787
Caschool.csv,testscr:low,avginc,Schools with low test scores,Average income of the district,6.61299991607666
Caschool.csv,testscr:low,avginc,Schools with low test scores,Average income of the district,12.4090003967285
Caschool.csv,testscr:low,avginc,Schools with low test scores,Average income of the district,8.12661552429199
Caschool.csv,testscr:low,avginc,Schools with low test scores,Average income of the district,11.4309997558594
Caschool.csv,testscr:low,avginc,Schools with low test scores,Average income of the district,11.722225189209
Caschool.csv,testscr:low,avginc,Schools with low test scores,Average income of the district,11.3325004577637
Caschool.csv,testscr:low,avginc,Schools with low test scores,Average income of the district,9.59799957275391
Caschool.csv,testscr:low,avginc,Schools with low test scores,Average income of the district,14.5579996109009
Caschool.csv,testscr:low,avginc,Schools with low test scores,Average income of the district,22.0599994659424
Caschool.csv,testscr:low,avginc,Schools with low test scores,Average income of the district,9.70899963378906
Caschool.csv,testscr:low,avginc,Schools with low test scores,Average income of the district,11.4829444885254
Caschool.csv,testscr:low,avginc,Schools with low test scores,Average income of the district,8.17800045013428
Caschool.csv,testscr:low,avginc,Schools with low test scores,Average income of the district,8.17399978637695
Caschool.csv,testscr:low,avginc,Schools with low test scores,Average income of the district,7.5
Caschool.csv,testscr:low,avginc,Schools with low test scores,Average income of the district,10.0504999160767
Caschool.csv,testscr:low,avginc,Schools with low test scores,Average income of the district,7.33199977874756
Caschool.csv,testscr:low,avginc,Schools with low test scores,Average income of the district,12.5815773010254
Caschool.csv,testscr:low,avginc,Schools with low test scores,Average income of the district,15.1770000457764
Caschool.csv,testscr:low,avginc,Schools with low test scores,Average income of the district,12.1091279983521
Caschool.csv,testscr:low,avginc,Schools with low test scores,Average income of the district,11.7849998474121
Caschool.csv,testscr:low,avginc,Schools with low test scores,Average income of the district,14.0620002746582
Caschool.csv,testscr:low,avginc,Schools with low test scores,Average income of the district,10.4720001220703
Caschool.csv,testscr:low,avginc,Schools with low test scores,Average income of the district,13.4051170349121
Caschool.csv,testscr:low,avginc,Schools with low test scores,Average income of the district,12.3017997741699
Caschool.csv,testscr:low,avginc,Schools with low test scores,Average income of the district,15.404070854187
Caschool.csv,testscr:low,avginc,Schools with low test scores,Average income of the district,13.7620000839233
Caschool.csv,testscr:low,avginc,Schools with low test scores,Average income of the district,14.1840000152588
Caschool.csv,testscr:low,avginc,Schools with low test scores,Average income of the district,8.86499977111816
Caschool.csv,testscr:low,avginc,Schools with low test scores,Average income of the district,12.9969997406006
Caschool.csv,testscr:low,avginc,Schools with low test scores,Average income of the district,11.5920000076294
Caschool.csv,testscr:low,avginc,Schools with low test scores,Average income of the district,8.2790002822876
Caschool.csv,testscr:low,avginc,Schools with low test scores,Average income of the district,10.9056425094604
Caschool.csv,testscr:low,avginc,Schools with low test scores,Average income of the district,13.4006252288818
Caschool.csv,testscr:low,avginc,Schools with low test scores,Average income of the district,11.081000328064
Caschool.csv,testscr:low,avginc,Schools with low test scores,Average income of the district,9.08199977874756
Caschool.csv,testscr:low,avginc,Schools with low test scores,Average income of the district,13.3900003433228
Caschool.csv,testscr:low,avginc,Schools with low test scores,Average income of the district,14.6016254425049
Caschool.csv,testscr:low,avginc,Schools with low test scores,Average income of the district,11.1160001754761
Caschool.csv,testscr:low,avginc,Schools with low test scores,Average income of the district,8.42300033569336
Caschool.csv,testscr:low,avginc,Schools with low test scores,Average income of the district,11.664999961853
Caschool.csv,testscr:low,avginc,Schools with low test scores,Average income of the district,7.30499982833862
Caschool.csv,testscr:low,avginc,Schools with low test scores,Average income of the district,13.7305994033813
Caschool.csv,testscr:low,avginc,Schools with low test scores,Average income of the district,11.1160001754761
Caschool.csv,testscr:low,avginc,Schools with low test scores,Average income of the district,10.3644285202026
Caschool.csv,testscr:low,avginc,Schools with low test scores,Average income of the district,6.98299980163574
Caschool.csv,testscr:low,avginc,Schools with low test scores,Average income of the district,14.4678001403809
Caschool.csv,testscr:low,avginc,Schools with low test scores,Average income of the district,14.6529998779297
Caschool.csv,testscr:low,avginc,Schools with low test scores,Average income of the district,10.628999710083
Caschool.csv,testscr:low,avginc,Schools with low test scores,Average income of the district,9.7810001373291
Caschool.csv,testscr:low,avginc,Schools with low test scores,Average income of the district,10.6560001373291
Caschool.csv,testscr:low,avginc,Schools with low test scores,Average income of the district,11.9379997253418
Caschool.csv,testscr:low,avginc,Schools with low test scores,Average income of the district,7.38500022888184
Caschool.csv,testscr:low,avginc,Schools with low test scores,Average income of the district,10.6759996414185
Caschool.csv,testscr:low,avginc,Schools with low test scores,Average income of the district,9.97200012207031
Caschool.csv,testscr:low,avginc,Schools with low test scores,Average income of the district,8.25800037384033
Caschool.csv,testscr:low,avginc,Schools with low test scores,Average income of the district,8.89599990844727
Caschool.csv,testscr:low,avginc,Schools with low test scores,Average income of the district,12.0620002746582
Caschool.csv,testscr:low,avginc,Schools with low test scores,Average income of the district,9.42889499664307
Caschool.csv,testscr:low,avginc,Schools with low test scores,Average income of the district,8.92033290863037
Caschool.csv,testscr:low,avginc,Schools with low test scores,Average income of the district,10.0979995727539
Caschool.csv,testscr:low,avginc,Schools with low test scores,Average income of the district,11.8299999237061
Caschool.csv,testscr:low,avginc,Schools with low test scores,Average income of the district,11.5530004501343
Caschool.csv,testscr:low,avginc,Schools with low test scores,Average income of the district,19.7070007324219
Caschool.csv,testscr:low,avginc,Schools with low test scores,Average income of the district,7.10500001907349
Caschool.csv,testscr:low,avginc,Schools with low test scores,Average income of the district,13.7250003814697
Caschool.csv,testscr:low,avginc,Schools with low test scores,Average income of the district,10.0979995727539
Caschool.csv,testscr:low,avginc,Schools with low test scores,Average income of the district,13.7620000839233
Caschool.csv,testscr:low,avginc,Schools with low test scores,Average income of the district,9.66499996185303
Caschool.csv,testscr:low,avginc,Schools with low test scores,Average income of the district,10.2639999389648
Caschool.csv,testscr:low,avginc,Schools with low test scores,Average income of the district,11.5692005157471
Caschool.csv,testscr:low,avginc,Schools with low test scores,Average income of the district,7.40500020980835
Caschool.csv,testscr:low,avginc,Schools with low test scores,Average income of the district,12.0769996643066
Caschool.csv,testscr:low,avginc,Schools with low test scores,Average income of the district,11.2829999923706
Caschool.csv,testscr:low,avginc,Schools with low test scores,Average income of the district,10.0349998474121
Caschool.csv,testscr:low,avginc,Schools with low test scores,Average income of the district,8.38399982452393
Caschool.csv,testscr:low,avginc,Schools with low test scores,Average income of the district,13.6300001144409
Caschool.csv,testscr:low,avginc,Schools with low test scores,Average income of the district,14.127667427063
Caschool.csv,testscr:low,avginc,Schools with low test scores,Average income of the district,11.2661247253418
Caschool.csv,testscr:low,avginc,Schools with low test scores,Average income of the district,13.3900003433228
Caschool.csv,testscr:low,avginc,Schools with low test scores,Average income of the district,11.9379997253418
Caschool.csv,testscr:low,avginc,Schools with low test scores,Average income of the district,8.25800037384033
Caschool.csv,testscr:low,avginc,Schools with low test scores,Average income of the district,14.2267274856567
Caschool.csv,testscr:low,avginc,Schools with low test scores,Average income of the district,10.4720001220703
Caschool.csv,testscr:low,avginc,Schools with low test scores,Average income of the district,14.2429008483887
Caschool.csv,testscr:low,avginc,Schools with low test scores,Average income of the district,14.0659999847412
Caschool.csv,testscr:low,avginc,Schools with low test scores,Average income of the district,15.9680004119873
Caschool.csv,testscr:low,avginc,Schools with low test scores,Average income of the district,10.2639999389648
Caschool.csv,testscr:low,avginc,Schools with low test scores,Average income of the district,10.6024703979492
Caschool.csv,testscr:low,avginc,Schools with low test scores,Average income of the district,10.5229997634888
Caschool.csv,testscr:low,avginc,Schools with low test scores,Average income of the district,11.2379999160767
Caschool.csv,testscr:low,avginc,Schools with low test scores,Average income of the district,10.0559997558594
Caschool.csv,testscr:low,avginc,Schools with low test scores,Average income of the district,11.1829996109009
Caschool.csv,testscr:low,avginc,Schools with low test scores,Average income of the district,7.38500022888184
Caschool.csv,testscr:low,avginc,Schools with low test scores,Average income of the district,13.5790004730225
Caschool.csv,testscr:low,avginc,Schools with low test scores,Average income of the district,9.63000011444092
Caschool.csv,testscr:low,avginc,Schools with low test scores,Average income of the district,15.2740001678467
Caschool.csv,testscr:low,avginc,Schools with low test scores,Average income of the district,14.0342502593994
Caschool.csv,testscr:low,avginc,Schools with low test scores,Average income of the district,10.2396669387817
Caschool.csv,testscr:low,avginc,Schools with low test scores,Average income of the district,9.48499965667725
Caschool.csv,testscr:low,avginc,Schools with low test scores,Average income of the district,15.0298748016357
Caschool.csv,testscr:low,avginc,Schools with low test scores,Average income of the district,9.7810001373291
Caschool.csv,testscr:low,avginc,Schools with low test scores,Average income of the district,13.1920003890991
Caschool.csv,testscr:low,avginc,Schools with low test scores,Average income of the district,12.2159996032715
Caschool.csv,testscr:low,avginc,Schools with low test scores,Average income of the district,14.076000213623
Caschool.csv,testscr:low,avginc,Schools with low test scores,Average income of the district,25.4873332977295
Caschool.csv,testscr:low,avginc,Schools with low test scores,Average income of the district,14.8669996261597
Caschool.csv,testscr:low,avginc,Schools with low test scores,Average income of the district,9.97200012207031
Caschool.csv,testscr:low,avginc,Schools with low test scores,Average income of the district,14.5780000686646
Caschool.csv,testscr:low,avginc,Schools with low test scores,Average income of the district,7.38500022888184
Caschool.csv,testscr:low,avginc,Schools with low test scores,Average income of the district,12.3430004119873
Caschool.csv,testscr:low,avginc,Schools with low test scores,Average income of the district,12.4313325881958
Caschool.csv,testscr:low,avginc,Schools with low test scores,Average income of the district,14.9060001373291
Caschool.csv,testscr:low,avginc,Schools with low test scores,Average income of the district,12.6698999404907
Caschool.csv,testscr:low,avginc,Schools with low test scores,Average income of the district,10.3330001831055
Caschool.csv,testscr:low,avginc,Schools with low test scores,Average income of the district,11.9720001220703
Caschool.csv,testscr:low,avginc,Schools with low test scores,Average income of the district,12.8269996643066
Caschool.csv,testscr:low,avginc,Schools with low test scores,Average income of the district,10.039999961853
Caschool.csv,testscr:low,avginc,Schools with low test scores,Average income of the district,13.335000038147
Caschool.csv,testscr:low,avginc,Schools with low test scores,Average income of the district,9.85400009155273
Caschool.csv,testscr:low,avginc,Schools with low test scores,Average income of the district,11.4259996414185
Caschool.csv,testscr:low,avginc,Schools with low test scores,Average income of the district,15.1309995651245
Caschool.csv,testscr:low,avginc,Schools with low test scores,Average income of the district,14.5780000686646
Caschool.csv,testscr:low,avginc,Schools with low test scores,Average income of the district,10.2679996490479
Caschool.csv,testscr:low,avginc,Schools with low test scores,Average income of the district,15.5928573608398
Caschool.csv,testscr:low,avginc,Schools with low test scores,Average income of the district,11.2379999160767
Caschool.csv,testscr:low,avginc,Schools with low test scores,Average income of the district,15.0513753890991
Caschool.csv,testscr:low,avginc,Schools with low test scores,Average income of the district,15.4131765365601
Caschool.csv,testscr:low,avginc,Schools with low test scores,Average income of the district,11.081000328064
Caschool.csv,testscr:low,avginc,Schools with low test scores,Average income of the district,10.0979995727539
Caschool.csv,testscr:low,avginc,Schools with low test scores,Average income of the district,14.2982997894287
Caschool.csv,testscr:low,avginc,Schools with low test scores,Average income of the district,11.8030004501343
Caschool.csv,testscr:low,avginc,Schools with low test scores,Average income of the district,9.97200012207031
Caschool.csv,testscr:low,avginc,Schools with low test scores,Average income of the district,15.4090003967285
Caschool.csv,testscr:low,avginc,Schools with low test scores,Average income of the district,15.2937994003296
Caschool.csv,testscr:low,avginc,Schools with low test scores,Average income of the district,15.5329284667969
Caschool.csv,testscr:low,avginc,Schools with low test scores,Average income of the district,16.2929992675781
Caschool.csv,testscr:low,avginc,Schools with low test scores,Average income of the district,12.875
Caschool.csv,testscr:low,avginc,Schools with low test scores,Average income of the district,16.6229991912842
Caschool.csv,testscr:low,avginc,Schools with low test scores,Average income of the district,12.5498828887939
Caschool.csv,testscr:low,avginc,Schools with low test scores,Average income of the district,14.2585716247559
Caschool.csv,testscr:low,avginc,Schools with low test scores,Average income of the district,18.326000213623
Caschool.csv,testscr:low,avginc,Schools with low test scores,Average income of the district,12.7491426467896
Caschool.csv,testscr:low,avginc,Schools with low test scores,Average income of the district,11.4259996414185
Caschool.csv,testscr:low,avginc,Schools with low test scores,Average income of the district,8.82999992370605
Caschool.csv,testscr:low,avginc,Schools with low test scores,Average income of the district,11.1759996414185
Caschool.csv,testscr:low,avginc,Schools with low test scores,Average income of the district,14.2279996871948
Caschool.csv,testscr:low,avginc,Schools with low test scores,Average income of the district,15.0270004272461
Caschool.csv,testscr:low,avginc,Schools with low test scores,Average income of the district,10.5209999084473
Caschool.csv,testscr:low,avginc,Schools with low test scores,Average income of the district,18.6259994506836
Caschool.csv,testscr:low,avginc,Schools with low test scores,Average income of the district,22.5289993286133
Caschool.csv,testscr:low,avginc,Schools with low test scores,Average income of the district,18.2983894348145
Caschool.csv,testscr:low,avginc,Schools with low test scores,Average income of the district,11.8857498168945
Caschool.csv,testscr:low,avginc,Schools with low test scores,Average income of the district,9.92599964141846
Caschool.csv,testscr:low,avginc,Schools with low test scores,Average income of the district,14.1969995498657
Caschool.csv,testscr:low,avginc,Schools with low test scores,Average income of the district,9.63000011444092
Caschool.csv,testscr:low,avginc,Schools with low test scores,Average income of the district,10.6389999389648
Caschool.csv,testscr:low,avginc,Schools with low test scores,Average income of the district,14.4750003814697
Caschool.csv,testscr:low,avginc,Schools with low test scores,Average income of the district,13.4670000076294
Caschool.csv,testscr:low,avginc,Schools with low test scores,Average income of the district,9.66499996185303
Caschool.csv,testscr:low,avginc,Schools with low test scores,Average income of the district,12.7080001831055
Caschool.csv,testscr:low,avginc,Schools with low test scores,Average income of the district,17.8229999542236
Caschool.csv,testscr:low,avginc,Schools with low test scores,Average income of the district,17.1560001373291
Caschool.csv,testscr:low,avginc,Schools with low test scores,Average income of the district,19.589635848999
Caschool.csv,testscr:low,avginc,Schools with low test scores,Average income of the district,14.1969995498657
Caschool.csv,testscr:low,avginc,Schools with low test scores,Average income of the district,11.9119997024536
Caschool.csv,testscr:low,avginc,Schools with low test scores,Average income of the district,13.3859996795654
Caschool.csv,testscr:low,avginc,Schools with low test scores,Average income of the district,11.5539999008179
Caschool.csv,testscr:low,avginc,Schools with low test scores,Average income of the district,19.0259990692139
Caschool.csv,testscr:low,avginc,Schools with low test scores,Average income of the district,16.4069995880127
Caschool.csv,testscr:low,avginc,Schools with low test scores,Average income of the district,14.0579996109009
Caschool.csv,testscr:low,avginc,Schools with low test scores,Average income of the district,19.068000793457
Caschool.csv,testscr:low,avginc,Schools with low test scores,Average income of the district,20.7700004577637
Caschool.csv,testscr:low,avginc,Schools with low test scores,Average income of the district,10.2639999389648
Caschool.csv,testscr:low,avginc,Schools with low test scores,Average income of the district,14.5780000686646
Caschool.csv,testscr:low,avginc,Schools with low test scores,Average income of the district,10.2019996643066
Caschool.csv,testscr:low,avginc,Schools with low test scores,Average income of the district,12.5019998550415
Caschool.csv,testscr:low,avginc,Schools with low test scores,Average income of the district,13.9060001373291
Caschool.csv,testscr:low,avginc,Schools with low test scores,Average income of the district,9.98600006103516
Caschool.csv,testscr:low,avginc,Schools with low test scores,Average income of the district,13.7119998931885
Caschool.csv,testscr:low,avginc,Schools with low test scores,Average income of the district,10.0979995727539
Caschool.csv,testscr:low,avginc,Schools with low test scores,Average income of the district,11.2910003662109
Caschool.csv,testscr:low,avginc,Schools with low test scores,Average income of the district,23.7329998016357
Caschool.csv,testscr:high,avginc,Schools with high test scores,Average income of the district,22.6900005340576
Caschool.csv,testscr:high,avginc,Schools with high test scores,Average income of the district,9.82400035858154
Caschool.csv,testscr:high,avginc,Schools with high test scores,Average income of the district,13.2250003814697
Caschool.csv,testscr:high,avginc,Schools with high test scores,Average income of the district,13.6300001144409
Caschool.csv,testscr:high,avginc,Schools with high test scores,Average income of the district,14.6230001449585
Caschool.csv,testscr:high,avginc,Schools with high test scores,Average income of the district,8.77600002288818
Caschool.csv,testscr:high,avginc,Schools with high test scores,Average income of the district,10.3380002975464
Caschool.csv,testscr:high,avginc,Schools with high test scores,Average income of the district,16.3229999542236
Caschool.csv,testscr:high,avginc,Schools with high test scores,Average income of the district,10.6563329696655
Caschool.csv,testscr:high,avginc,Schools with high test scores,Average income of the district,14.5780000686646
Caschool.csv,testscr:high,avginc,Schools with high test scores,Average income of the district,18.6305999755859
Caschool.csv,testscr:high,avginc,Schools with high test scores,Average income of the district,11.1160001754761
Caschool.csv,testscr:high,avginc,Schools with high test scores,Average income of the district,14.5976667404175
Caschool.csv,testscr:high,avginc,Schools with high test scores,Average income of the district,15.4930000305176
Caschool.csv,testscr:high,avginc,Schools with high test scores,Average income of the district,16.2719993591309
Caschool.csv,testscr:high,avginc,Schools with high test scores,Average income of the district,13.6300001144409
Caschool.csv,testscr:high,avginc,Schools with high test scores,Average income of the district,12.3940000534058
Caschool.csv,testscr:high,avginc,Schools with high test scores,Average income of the district,15.331000328064
Caschool.csv,testscr:high,avginc,Schools with high test scores,Average income of the district,12.6660003662109
Caschool.csv,testscr:high,avginc,Schools with high test scores,Average income of the district,13.7119998931885
Caschool.csv,testscr:high,avginc,Schools with high test scores,Average income of the district,17.7803344726563
Caschool.csv,testscr:high,avginc,Schools with high test scores,Average income of the district,10.5566673278809
Caschool.csv,testscr:high,avginc,Schools with high test scores,Average income of the district,10.5229997634888
Caschool.csv,testscr:high,avginc,Schools with high test scores,Average income of the district,13.2430000305176
Caschool.csv,testscr:high,avginc,Schools with high test scores,Average income of the district,22.4729995727539
Caschool.csv,testscr:high,avginc,Schools with high test scores,Average income of the district,15.6846542358398
Caschool.csv,testscr:high,avginc,Schools with high test scores,Average income of the district,23.4837493896484
Caschool.csv,testscr:high,avginc,Schools with high test scores,Average income of the district,11.6490001678467
Caschool.csv,testscr:high,avginc,Schools with high test scores,Average income of the district,16.3560009002686
Caschool.csv,testscr:high,avginc,Schools with high test scores,Average income of the district,14.0740003585815
Caschool.csv,testscr:high,avginc,Schools with high test scores,Average income of the district,13.4370002746582
Caschool.csv,testscr:high,avginc,Schools with high test scores,Average income of the district,18.3379993438721
Caschool.csv,testscr:high,avginc,Schools with high test scores,Average income of the district,11.4259996414185
Caschool.csv,testscr:high,avginc,Schools with high test scores,Average income of the district,15.7499170303345
Caschool.csv,testscr:high,avginc,Schools with high test scores,Average income of the district,15.7790002822876
Caschool.csv,testscr:high,avginc,Schools with high test scores,Average income of the district,14.0620002746582
Caschool.csv,testscr:high,avginc,Schools with high test scores,Average income of the district,12.173999786377
Caschool.csv,testscr:high,avginc,Schools with high test scores,Average income of the district,12.8999996185303
Caschool.csv,testscr:high,avginc,Schools with high test scores,Average income of the district,10.9709997177124
Caschool.csv,testscr:high,avginc,Schools with high test scores,Average income of the district,17.4351997375488
Caschool.csv,testscr:high,avginc,Schools with high test scores,Average income of the district,14.7600002288818
Caschool.csv,testscr:high,avginc,Schools with high test scores,Average income of the district,14.6029996871948
Caschool.csv,testscr:high,avginc,Schools with high test scores,Average income of the district,13.5223331451416
Caschool.csv,testscr:high,avginc,Schools with high test scores,Average income of the district,16.6690006256104
Caschool.csv,testscr:high,avginc,Schools with high test scores,Average income of the district,13.5222501754761
Caschool.csv,testscr:high,avginc,Schools with high test scores,Average income of the district,12.5179996490479
Caschool.csv,testscr:high,avginc,Schools with high test scores,Average income of the district,18.326000213623
Caschool.csv,testscr:high,avginc,Schools with high test scores,Average income of the district,11.4659996032715
Caschool.csv,testscr:high,avginc,Schools with high test scores,Average income of the district,10.0979995727539
Caschool.csv,testscr:high,avginc,Schools with high test scores,Average income of the district,15.3649997711182
Caschool.csv,testscr:high,avginc,Schools with high test scores,Average income of the district,10.3113327026367
Caschool.csv,testscr:high,avginc,Schools with high test scores,Average income of the district,16.9866256713867
Caschool.csv,testscr:high,avginc,Schools with high test scores,Average income of the district,9.61200046539307
Caschool.csv,testscr:high,avginc,Schools with high test scores,Average income of the district,21.1105003356934
Caschool.csv,testscr:high,avginc,Schools with high test scores,Average income of the district,16.4733123779297
Caschool.csv,testscr:high,avginc,Schools with high test scores,Average income of the district,18.3689994812012
Caschool.csv,testscr:high,avginc,Schools with high test scores,Average income of the district,16.6541118621826
Caschool.csv,testscr:high,avginc,Schools with high test scores,Average income of the district,18.5442218780518
Caschool.csv,testscr:high,avginc,Schools with high test scores,Average income of the district,14.1800003051758
Caschool.csv,testscr:high,avginc,Schools with high test scores,Average income of the district,18.0295543670654
Caschool.csv,testscr:high,avginc,Schools with high test scores,Average income of the district,13.5860004425049
Caschool.csv,testscr:high,avginc,Schools with high test scores,Average income of the district,12.6400003433228
Caschool.csv,testscr:high,avginc,Schools with high test scores,Average income of the district,11.1029996871948
Caschool.csv,testscr:high,avginc,Schools with high test scores,Average income of the district,7.5
Caschool.csv,testscr:high,avginc,Schools with high test scores,Average income of the district,15.5059995651245
Caschool.csv,testscr:high,avginc,Schools with high test scores,Average income of the district,22.8414001464844
Caschool.csv,testscr:high,avginc,Schools with high test scores,Average income of the district,19.8231258392334
Caschool.csv,testscr:high,avginc,Schools with high test scores,Average income of the district,16.3470001220703
Caschool.csv,testscr:high,avginc,Schools with high test scores,Average income of the district,16.2929992675781
Caschool.csv,testscr:high,avginc,Schools with high test scores,Average income of the district,13.2480001449585
Caschool.csv,testscr:high,avginc,Schools with high test scores,Average income of the district,14.0100002288818
Caschool.csv,testscr:high,avginc,Schools with high test scores,Average income of the district,14.1630001068115
Caschool.csv,testscr:high,avginc,Schools with high test scores,Average income of the district,15.7709999084473
Caschool.csv,testscr:high,avginc,Schools with high test scores,Average income of the district,14.4833326339722
Caschool.csv,testscr:high,avginc,Schools with high test scores,Average income of the district,14.2089996337891
Caschool.csv,testscr:high,avginc,Schools with high test scores,Average income of the district,15.1669998168945
Caschool.csv,testscr:high,avginc,Schools with high test scores,Average income of the district,12.5842504501343
Caschool.csv,testscr:high,avginc,Schools with high test scores,Average income of the district,10.5509996414185
Caschool.csv,testscr:high,avginc,Schools with high test scores,Average income of the district,16.9559993743896
Caschool.csv,testscr:high,avginc,Schools with high test scores,Average income of the district,17.7089996337891
Caschool.csv,testscr:high,avginc,Schools with high test scores,Average income of the district,16.2719993591309
Caschool.csv,testscr:high,avginc,Schools with high test scores,Average income of the district,17.9008007049561
Caschool.csv,testscr:high,avginc,Schools with high test scores,Average income of the district,11.8339996337891
Caschool.csv,testscr:high,avginc,Schools with high test scores,Average income of the district,18.6201992034912
Caschool.csv,testscr:high,avginc,Schools with high test scores,Average income of the district,12.4309997558594
Caschool.csv,testscr:high,avginc,Schools with high test scores,Average income of the district,15.1669998168945
Caschool.csv,testscr:high,avginc,Schools with high test scores,Average income of the district,20.8757495880127
Caschool.csv,testscr:high,avginc,Schools with high test scores,Average income of the district,10.6389999389648
Caschool.csv,testscr:high,avginc,Schools with high test scores,Average income of the district,25.0296192169189
Caschool.csv,testscr:high,avginc,Schools with high test scores,Average income of the district,16.7578010559082
Caschool.csv,testscr:high,avginc,Schools with high test scores,Average income of the district,15.2969999313354
Caschool.csv,testscr:high,avginc,Schools with high test scores,Average income of the district,17.3694458007812
Caschool.csv,testscr:high,avginc,Schools with high test scores,Average income of the district,22.0960006713867
Caschool.csv,testscr:high,avginc,Schools with high test scores,Average income of the district,22.8419990539551
Caschool.csv,testscr:high,avginc,Schools with high test scores,Average income of the district,18.3198757171631
Caschool.csv,testscr:high,avginc,Schools with high test scores,Average income of the district,25.0300006866455
Caschool.csv,testscr:high,avginc,Schools with high test scores,Average income of the district,21.9570007324219
Caschool.csv,testscr:high,avginc,Schools with high test scores,Average income of the district,18.7968330383301
Caschool.csv,testscr:high,avginc,Schools with high test scores,Average income of the district,10.6389999389648
Caschool.csv,testscr:high,avginc,Schools with high test scores,Average income of the district,17.507999420166
Caschool.csv,testscr:high,avginc,Schools with high test scores,Average income of the district,18.5930004119873
Caschool.csv,testscr:high,avginc,Schools with high test scores,Average income of the district,11.1160001754761
Caschool.csv,testscr:high,avginc,Schools with high test scores,Average income of the district,14.0976667404175
Caschool.csv,testscr:high,avginc,Schools with high test scores,Average income of the district,12.6400003433228
Caschool.csv,testscr:high,avginc,Schools with high test scores,Average income of the district,20.9364280700684
Caschool.csv,testscr:high,avginc,Schools with high test scores,Average income of the district,14.1800003051758
Caschool.csv,testscr:high,avginc,Schools with high test scores,Average income of the district,11.826000213623
Caschool.csv,testscr:high,avginc,Schools with high test scores,Average income of the district,18.6709995269775
Caschool.csv,testscr:high,avginc,Schools with high test scores,Average income of the district,17.3320007324219
Caschool.csv,testscr:high,avginc,Schools with high test scores,Average income of the district,17.507999420166
Caschool.csv,testscr:high,avginc,Schools with high test scores,Average income of the district,15.5719995498657
Caschool.csv,testscr:high,avginc,Schools with high test scores,Average income of the district,15.56725025177
Caschool.csv,testscr:high,avginc,Schools with high test scores,Average income of the district,15.7519998550415
Caschool.csv,testscr:high,avginc,Schools with high test scores,Average income of the district,20.4699993133545
Caschool.csv,testscr:high,avginc,Schools with high test scores,Average income of the district,9.70899963378906
Caschool.csv,testscr:high,avginc,Schools with high test scores,Average income of the district,11.1160001754761
Caschool.csv,testscr:high,avginc,Schools with high test scores,Average income of the district,16.3209991455078
Caschool.csv,testscr:high,avginc,Schools with high test scores,Average income of the district,21.9669990539551
Caschool.csv,testscr:high,avginc,Schools with high test scores,Average income of the district,8.93400001525879
Caschool.csv,testscr:high,avginc,Schools with high test scores,Average income of the district,19.9969997406006
Caschool.csv,testscr:high,avginc,Schools with high test scores,Average income of the district,18.8272304534912
Caschool.csv,testscr:high,avginc,Schools with high test scores,Average income of the district,18.1186656951904
Caschool.csv,testscr:high,avginc,Schools with high test scores,Average income of the district,23.6673755645752
Caschool.csv,testscr:high,avginc,Schools with high test scores,Average income of the district,22.1389999389648
Caschool.csv,testscr:high,avginc,Schools with high test scores,Average income of the district,20.5459995269775
Caschool.csv,testscr:high,avginc,Schools with high test scores,Average income of the district,9.48499965667725
Caschool.csv,testscr:high,avginc,Schools with high test scores,Average income of the district,11.8339996337891
Caschool.csv,testscr:high,avginc,Schools with high test scores,Average income of the district,18.798999786377
Caschool.csv,testscr:high,avginc,Schools with high test scores,Average income of the district,10.5509996414185
Caschool.csv,testscr:high,avginc,Schools with high test scores,Average income of the district,15.5190000534058
Caschool.csv,testscr:high,avginc,Schools with high test scores,Average income of the district,21.6317272186279
Caschool.csv,testscr:high,avginc,Schools with high test scores,Average income of the district,21.0957508087158
Caschool.csv,testscr:high,avginc,Schools with high test scores,Average income of the district,15.1669998168945
Caschool.csv,testscr:high,avginc,Schools with high test scores,Average income of the district,19.117000579834
Caschool.csv,testscr:high,avginc,Schools with high test scores,Average income of the district,17.6200008392334
Caschool.csv,testscr:high,avginc,Schools with high test scores,Average income of the district,15.1669998168945
Caschool.csv,testscr:high,avginc,Schools with high test scores,Average income of the district,10.6429996490479
Caschool.csv,testscr:high,avginc,Schools with high test scores,Average income of the district,20.7390556335449
Caschool.csv,testscr:high,avginc,Schools with high test scores,Average income of the district,21.5659999847412
Caschool.csv,testscr:high,avginc,Schools with high test scores,Average income of the district,17.6560001373291
Caschool.csv,testscr:high,avginc,Schools with high test scores,Average income of the district,17.7089996337891
Caschool.csv,testscr:high,avginc,Schools with high test scores,Average income of the district,27.8159999847412
Caschool.csv,testscr:high,avginc,Schools with high test scores,Average income of the district,18.5930004119873
Caschool.csv,testscr:high,avginc,Schools with high test scores,Average income of the district,14.2629995346069
Caschool.csv,testscr:high,avginc,Schools with high test scores,Average income of the district,22.757999420166
Caschool.csv,testscr:high,avginc,Schools with high test scores,Average income of the district,12.6400003433228
Caschool.csv,testscr:high,avginc,Schools with high test scores,Average income of the district,11.2379999160767
Caschool.csv,testscr:high,avginc,Schools with high test scores,Average income of the district,16.9559993743896
Caschool.csv,testscr:high,avginc,Schools with high test scores,Average income of the district,17.7089996337891
Caschool.csv,testscr:high,avginc,Schools with high test scores,Average income of the district,25.6219997406006
Caschool.csv,testscr:high,avginc,Schools with high test scores,Average income of the district,18.7259998321533
Caschool.csv,testscr:high,avginc,Schools with high test scores,Average income of the district,13.4429998397827
Caschool.csv,testscr:high,avginc,Schools with high test scores,Average income of the district,15.1800003051758
Caschool.csv,testscr:high,avginc,Schools with high test scores,Average income of the district,19.117000579834
Caschool.csv,testscr:high,avginc,Schools with high test scores,Average income of the district,13.7119998931885
Caschool.csv,testscr:high,avginc,Schools with high test scores,Average income of the district,17.507999420166
Caschool.csv,testscr:high,avginc,Schools with high test scores,Average income of the district,11.8339996337891
Caschool.csv,testscr:high,avginc,Schools with high test scores,Average income of the district,13.2729997634888
Caschool.csv,testscr:high,avginc,Schools with high test scores,Average income of the district,16.3560009002686
Caschool.csv,testscr:high,avginc,Schools with high test scores,Average income of the district,18.6259994506836
Caschool.csv,testscr:high,avginc,Schools with high test scores,Average income of the district,23.7329998016357
Caschool.csv,testscr:high,avginc,Schools with high test scores,Average income of the district,12.9340000152588
Caschool.csv,testscr:high,avginc,Schools with high test scores,Average income of the district,13.9060001373291
Caschool.csv,testscr:high,avginc,Schools with high test scores,Average income of the district,15.4280004501343
Caschool.csv,testscr:high,avginc,Schools with high test scores,Average income of the district,15.3809995651245
Caschool.csv,testscr:high,avginc,Schools with high test scores,Average income of the district,22.5289993286133
Caschool.csv,testscr:high,avginc,Schools with high test scores,Average income of the district,23.8060989379883
Caschool.csv,testscr:high,avginc,Schools with high test scores,Average income of the district,24.6030006408691
Caschool.csv,testscr:high,avginc,Schools with high test scores,Average income of the district,36.173999786377
Caschool.csv,testscr:high,avginc,Schools with high test scores,Average income of the district,33.4550018310547
Caschool.csv,testscr:high,avginc,Schools with high test scores,Average income of the district,20.4802227020264
Caschool.csv,testscr:high,avginc,Schools with high test scores,Average income of the district,20.1340007781982
Caschool.csv,testscr:high,avginc,Schools with high test scores,Average income of the district,19.3465003967285
Caschool.csv,testscr:high,avginc,Schools with high test scores,Average income of the district,36.173999786377
Caschool.csv,testscr:high,avginc,Schools with high test scores,Average income of the district,22.8633346557617
Caschool.csv,testscr:high,avginc,Schools with high test scores,Average income of the district,17.7089996337891
Caschool.csv,testscr:high,avginc,Schools with high test scores,Average income of the district,14.1770000457764
Caschool.csv,testscr:high,avginc,Schools with high test scores,Average income of the district,41.0929985046387
Caschool.csv,testscr:high,avginc,Schools with high test scores,Average income of the district,21.9570007324219
Caschool.csv,testscr:high,avginc,Schools with high test scores,Average income of the district,16.0639991760254
Caschool.csv,testscr:high,avginc,Schools with high test scores,Average income of the district,25.7369995117187
Caschool.csv,testscr:high,avginc,Schools with high test scores,Average income of the district,20.4740009307861
Caschool.csv,testscr:high,avginc,Schools with high test scores,Average income of the district,35.810001373291
Caschool.csv,testscr:high,avginc,Schools with high test scores,Average income of the district,13.5670003890991
Caschool.csv,testscr:high,avginc,Schools with high test scores,Average income of the district,20.0890007019043
Caschool.csv,testscr:high,avginc,Schools with high test scores,Average income of the district,18.2830009460449
Caschool.csv,testscr:high,avginc,Schools with high test scores,Average income of the district,25.2397155761719
Caschool.csv,testscr:high,avginc,Schools with high test scores,Average income of the district,25.0629997253418
Caschool.csv,testscr:high,avginc,Schools with high test scores,Average income of the district,30.6284999847412
Caschool.csv,testscr:high,avginc,Schools with high test scores,Average income of the district,27.4752159118652
Caschool.csv,testscr:high,avginc,Schools with high test scores,Average income of the district,30.8400001525879
Caschool.csv,testscr:high,avginc,Schools with high test scores,Average income of the district,34.1595001220703
Caschool.csv,testscr:high,avginc,Schools with high test scores,Average income of the district,43.2299995422363
Caschool.csv,testscr:high,avginc,Schools with high test scores,Average income of the district,27.9477500915527
Caschool.csv,testscr:high,avginc,Schools with high test scores,Average income of the district,49.9389991760254
Caschool.csv,testscr:high,avginc,Schools with high test scores,Average income of the district,55.3279991149902
Caschool.csv,testscr:high,avginc,Schools with high test scores,Average income of the district,35.4809989929199
Caschool.csv,testscr:high,avginc,Schools with high test scores,Average income of the district,34.3009986877441
Caschool.csv,testscr:high,avginc,Schools with high test scores,Average income of the district,38.6285705566406
Caschool.csv,testscr:high,avginc,Schools with high test scores,Average income of the district,35.3419990539551
Caschool.csv,testscr:high,avginc,Schools with high test scores,Average income of the district,31.0520000457764
Caschool.csv,testscr:high,avginc,Schools with high test scores,Average income of the district,40.2639999389648
Caschool.csv,testscr:high,avginc,Schools with high test scores,Average income of the district,35.810001373291
Caschool.csv,testscr:high,avginc,Schools with high test scores,Average income of the district,43.2299995422363
Caschool.csv,testscr:high,avginc,Schools with high test scores,Average income of the district,50.6769981384277
Caschool.csv,testscr:high,avginc,Schools with high test scores,Average income of the district,40.4020004272461
Caschool.csv,testscr:high,avginc,Schools with high test scores,Average income of the district,28.7169990539551
Caschool.csv,testscr:high,avginc,Schools with high test scores,Average income of the district,41.7341079711914
Caschool.csv,testscr:high,avginc,Schools with high test scores,Average income of the district,9.95199966430664
Caschool.csv,testscr:high,avginc,Schools with high test scores,Average income of the district,12.5019998550415
