fileName,oldGroupName,oldAttributeName,newGroupName,newAttributeName,attributeValue
Caschool.csv,testscr:low,mealpct,Schools with low test scores,Percent of students qualifying for reduced-price lunch,76.3226013183594
Caschool.csv,testscr:low,mealpct,Schools with low test scores,Percent of students qualifying for reduced-price lunch,77.049201965332
Caschool.csv,testscr:low,mealpct,Schools with low test scores,Percent of students qualifying for reduced-price lunch,78.427001953125
Caschool.csv,testscr:low,mealpct,Schools with low test scores,Percent of students qualifying for reduced-price lunch,86.9564971923828
Caschool.csv,testscr:low,mealpct,Schools with low test scores,Percent of students qualifying for reduced-price lunch,94.6237030029297
Caschool.csv,testscr:low,mealpct,Schools with low test scores,Percent of students qualifying for reduced-price lunch,100
Caschool.csv,testscr:low,mealpct,Schools with low test scores,Percent of students qualifying for reduced-price lunch,93.1398010253906
Caschool.csv,testscr:low,mealpct,Schools with low test scores,Percent of students qualifying for reduced-price lunch,87.3163986206055
Caschool.csv,testscr:low,mealpct,Schools with low test scores,Percent of students qualifying for reduced-price lunch,85.874397277832
Caschool.csv,testscr:low,mealpct,Schools with low test scores,Percent of students qualifying for reduced-price lunch,98.605598449707
Caschool.csv,testscr:low,mealpct,Schools with low test scores,Percent of students qualifying for reduced-price lunch,98.1307983398438
Caschool.csv,testscr:low,mealpct,Schools with low test scores,Percent of students qualifying for reduced-price lunch,77.1483993530273
Caschool.csv,testscr:low,mealpct,Schools with low test scores,Percent of students qualifying for reduced-price lunch,76.2712020874023
Caschool.csv,testscr:low,mealpct,Schools with low test scores,Percent of students qualifying for reduced-price lunch,94.2957000732422
Caschool.csv,testscr:low,mealpct,Schools with low test scores,Percent of students qualifying for reduced-price lunch,97.7596969604492
Caschool.csv,testscr:low,mealpct,Schools with low test scores,Percent of students qualifying for reduced-price lunch,77.9096984863281
Caschool.csv,testscr:low,mealpct,Schools with low test scores,Percent of students qualifying for reduced-price lunch,94.9711990356445
Caschool.csv,testscr:low,mealpct,Schools with low test scores,Percent of students qualifying for reduced-price lunch,93.2292022705078
Caschool.csv,testscr:low,mealpct,Schools with low test scores,Percent of students qualifying for reduced-price lunch,100
Caschool.csv,testscr:low,mealpct,Schools with low test scores,Percent of students qualifying for reduced-price lunch,91.5464019775391
Caschool.csv,testscr:low,mealpct,Schools with low test scores,Percent of students qualifying for reduced-price lunch,70.8167037963867
Caschool.csv,testscr:low,mealpct,Schools with low test scores,Percent of students qualifying for reduced-price lunch,100
Caschool.csv,testscr:low,mealpct,Schools with low test scores,Percent of students qualifying for reduced-price lunch,90.6237030029297
Caschool.csv,testscr:low,mealpct,Schools with low test scores,Percent of students qualifying for reduced-price lunch,85.1472015380859
Caschool.csv,testscr:low,mealpct,Schools with low test scores,Percent of students qualifying for reduced-price lunch,88.0348968505859
Caschool.csv,testscr:low,mealpct,Schools with low test scores,Percent of students qualifying for reduced-price lunch,92.1952972412109
Caschool.csv,testscr:low,mealpct,Schools with low test scores,Percent of students qualifying for reduced-price lunch,90.2006988525391
Caschool.csv,testscr:low,mealpct,Schools with low test scores,Percent of students qualifying for reduced-price lunch,81.0234985351563
Caschool.csv,testscr:low,mealpct,Schools with low test scores,Percent of students qualifying for reduced-price lunch,81.5065002441406
Caschool.csv,testscr:low,mealpct,Schools with low test scores,Percent of students qualifying for reduced-price lunch,90.2848968505859
Caschool.csv,testscr:low,mealpct,Schools with low test scores,Percent of students qualifying for reduced-price lunch,91.5933990478516
Caschool.csv,testscr:low,mealpct,Schools with low test scores,Percent of students qualifying for reduced-price lunch,55.0929985046387
Caschool.csv,testscr:low,mealpct,Schools with low test scores,Percent of students qualifying for reduced-price lunch,80.1956024169922
Caschool.csv,testscr:low,mealpct,Schools with low test scores,Percent of students qualifying for reduced-price lunch,84.4337997436523
Caschool.csv,testscr:low,mealpct,Schools with low test scores,Percent of students qualifying for reduced-price lunch,84.7313995361328
Caschool.csv,testscr:low,mealpct,Schools with low test scores,Percent of students qualifying for reduced-price lunch,94.9324035644531
Caschool.csv,testscr:low,mealpct,Schools with low test scores,Percent of students qualifying for reduced-price lunch,81.117301940918
Caschool.csv,testscr:low,mealpct,Schools with low test scores,Percent of students qualifying for reduced-price lunch,87.7781982421875
Caschool.csv,testscr:low,mealpct,Schools with low test scores,Percent of students qualifying for reduced-price lunch,71.4330978393555
Caschool.csv,testscr:low,mealpct,Schools with low test scores,Percent of students qualifying for reduced-price lunch,85.8695983886719
Caschool.csv,testscr:low,mealpct,Schools with low test scores,Percent of students qualifying for reduced-price lunch,88.0951995849609
Caschool.csv,testscr:low,mealpct,Schools with low test scores,Percent of students qualifying for reduced-price lunch,100
Caschool.csv,testscr:low,mealpct,Schools with low test scores,Percent of students qualifying for reduced-price lunch,92.7431030273438
Caschool.csv,testscr:low,mealpct,Schools with low test scores,Percent of students qualifying for reduced-price lunch,62.130199432373
Caschool.csv,testscr:low,mealpct,Schools with low test scores,Percent of students qualifying for reduced-price lunch,69.7398986816406
Caschool.csv,testscr:low,mealpct,Schools with low test scores,Percent of students qualifying for reduced-price lunch,67.4447021484375
Caschool.csv,testscr:low,mealpct,Schools with low test scores,Percent of students qualifying for reduced-price lunch,84.2949981689453
Caschool.csv,testscr:low,mealpct,Schools with low test scores,Percent of students qualifying for reduced-price lunch,70.8956985473633
Caschool.csv,testscr:low,mealpct,Schools with low test scores,Percent of students qualifying for reduced-price lunch,79.5120010375977
Caschool.csv,testscr:low,mealpct,Schools with low test scores,Percent of students qualifying for reduced-price lunch,79.7255020141602
Caschool.csv,testscr:low,mealpct,Schools with low test scores,Percent of students qualifying for reduced-price lunch,69.942497253418
Caschool.csv,testscr:low,mealpct,Schools with low test scores,Percent of students qualifying for reduced-price lunch,77.5255966186523
Caschool.csv,testscr:low,mealpct,Schools with low test scores,Percent of students qualifying for reduced-price lunch,61.7382011413574
Caschool.csv,testscr:low,mealpct,Schools with low test scores,Percent of students qualifying for reduced-price lunch,52.9435005187988
Caschool.csv,testscr:low,mealpct,Schools with low test scores,Percent of students qualifying for reduced-price lunch,81.1165008544922
Caschool.csv,testscr:low,mealpct,Schools with low test scores,Percent of students qualifying for reduced-price lunch,84.5539016723633
Caschool.csv,testscr:low,mealpct,Schools with low test scores,Percent of students qualifying for reduced-price lunch,52.3964004516602
Caschool.csv,testscr:low,mealpct,Schools with low test scores,Percent of students qualifying for reduced-price lunch,66.1949005126953
Caschool.csv,testscr:low,mealpct,Schools with low test scores,Percent of students qualifying for reduced-price lunch,83.1578979492188
Caschool.csv,testscr:low,mealpct,Schools with low test scores,Percent of students qualifying for reduced-price lunch,84.9990005493164
Caschool.csv,testscr:low,mealpct,Schools with low test scores,Percent of students qualifying for reduced-price lunch,82.3926010131836
Caschool.csv,testscr:low,mealpct,Schools with low test scores,Percent of students qualifying for reduced-price lunch,56.0635986328125
Caschool.csv,testscr:low,mealpct,Schools with low test scores,Percent of students qualifying for reduced-price lunch,82.1316986083984
Caschool.csv,testscr:low,mealpct,Schools with low test scores,Percent of students qualifying for reduced-price lunch,80.6042022705078
Caschool.csv,testscr:low,mealpct,Schools with low test scores,Percent of students qualifying for reduced-price lunch,93.9226989746094
Caschool.csv,testscr:low,mealpct,Schools with low test scores,Percent of students qualifying for reduced-price lunch,63.8036003112793
Caschool.csv,testscr:low,mealpct,Schools with low test scores,Percent of students qualifying for reduced-price lunch,100
Caschool.csv,testscr:low,mealpct,Schools with low test scores,Percent of students qualifying for reduced-price lunch,84.9206008911133
Caschool.csv,testscr:low,mealpct,Schools with low test scores,Percent of students qualifying for reduced-price lunch,76.7931976318359
Caschool.csv,testscr:low,mealpct,Schools with low test scores,Percent of students qualifying for reduced-price lunch,68.3964004516602
Caschool.csv,testscr:low,mealpct,Schools with low test scores,Percent of students qualifying for reduced-price lunch,83.1193008422852
Caschool.csv,testscr:low,mealpct,Schools with low test scores,Percent of students qualifying for reduced-price lunch,77.008903503418
Caschool.csv,testscr:low,mealpct,Schools with low test scores,Percent of students qualifying for reduced-price lunch,86.0294036865234
Caschool.csv,testscr:low,mealpct,Schools with low test scores,Percent of students qualifying for reduced-price lunch,74.8509979248047
Caschool.csv,testscr:low,mealpct,Schools with low test scores,Percent of students qualifying for reduced-price lunch,33.0623016357422
Caschool.csv,testscr:low,mealpct,Schools with low test scores,Percent of students qualifying for reduced-price lunch,85.5421981811523
Caschool.csv,testscr:low,mealpct,Schools with low test scores,Percent of students qualifying for reduced-price lunch,66.2550964355469
Caschool.csv,testscr:low,mealpct,Schools with low test scores,Percent of students qualifying for reduced-price lunch,68.8235015869141
Caschool.csv,testscr:low,mealpct,Schools with low test scores,Percent of students qualifying for reduced-price lunch,72.8628005981445
Caschool.csv,testscr:low,mealpct,Schools with low test scores,Percent of students qualifying for reduced-price lunch,93.6305999755859
Caschool.csv,testscr:low,mealpct,Schools with low test scores,Percent of students qualifying for reduced-price lunch,72.32080078125
Caschool.csv,testscr:low,mealpct,Schools with low test scores,Percent of students qualifying for reduced-price lunch,73.5976028442383
Caschool.csv,testscr:low,mealpct,Schools with low test scores,Percent of students qualifying for reduced-price lunch,75.7384033203125
Caschool.csv,testscr:low,mealpct,Schools with low test scores,Percent of students qualifying for reduced-price lunch,62.2127990722656
Caschool.csv,testscr:low,mealpct,Schools with low test scores,Percent of students qualifying for reduced-price lunch,80.8683013916016
Caschool.csv,testscr:low,mealpct,Schools with low test scores,Percent of students qualifying for reduced-price lunch,83.8737030029297
Caschool.csv,testscr:low,mealpct,Schools with low test scores,Percent of students qualifying for reduced-price lunch,68.5718994140625
Caschool.csv,testscr:low,mealpct,Schools with low test scores,Percent of students qualifying for reduced-price lunch,80.9248962402344
Caschool.csv,testscr:low,mealpct,Schools with low test scores,Percent of students qualifying for reduced-price lunch,46.0432014465332
Caschool.csv,testscr:low,mealpct,Schools with low test scores,Percent of students qualifying for reduced-price lunch,72.1854019165039
Caschool.csv,testscr:low,mealpct,Schools with low test scores,Percent of students qualifying for reduced-price lunch,67.7129974365234
Caschool.csv,testscr:low,mealpct,Schools with low test scores,Percent of students qualifying for reduced-price lunch,54.1096000671387
Caschool.csv,testscr:low,mealpct,Schools with low test scores,Percent of students qualifying for reduced-price lunch,66.9492034912109
Caschool.csv,testscr:low,mealpct,Schools with low test scores,Percent of students qualifying for reduced-price lunch,59.7221984863281
Caschool.csv,testscr:low,mealpct,Schools with low test scores,Percent of students qualifying for reduced-price lunch,64.7473983764648
Caschool.csv,testscr:low,mealpct,Schools with low test scores,Percent of students qualifying for reduced-price lunch,65.7960968017578
Caschool.csv,testscr:low,mealpct,Schools with low test scores,Percent of students qualifying for reduced-price lunch,83
Caschool.csv,testscr:low,mealpct,Schools with low test scores,Percent of students qualifying for reduced-price lunch,59.7234992980957
Caschool.csv,testscr:low,mealpct,Schools with low test scores,Percent of students qualifying for reduced-price lunch,66.4384002685547
Caschool.csv,testscr:low,mealpct,Schools with low test scores,Percent of students qualifying for reduced-price lunch,65.3827972412109
Caschool.csv,testscr:low,mealpct,Schools with low test scores,Percent of students qualifying for reduced-price lunch,56.065601348877
Caschool.csv,testscr:low,mealpct,Schools with low test scores,Percent of students qualifying for reduced-price lunch,60.1329002380371
Caschool.csv,testscr:low,mealpct,Schools with low test scores,Percent of students qualifying for reduced-price lunch,63.9054985046387
Caschool.csv,testscr:low,mealpct,Schools with low test scores,Percent of students qualifying for reduced-price lunch,37.0456008911133
Caschool.csv,testscr:low,mealpct,Schools with low test scores,Percent of students qualifying for reduced-price lunch,51.2420997619629
Caschool.csv,testscr:low,mealpct,Schools with low test scores,Percent of students qualifying for reduced-price lunch,74.2723007202148
Caschool.csv,testscr:low,mealpct,Schools with low test scores,Percent of students qualifying for reduced-price lunch,64.0977020263672
Caschool.csv,testscr:low,mealpct,Schools with low test scores,Percent of students qualifying for reduced-price lunch,64.7886962890625
Caschool.csv,testscr:low,mealpct,Schools with low test scores,Percent of students qualifying for reduced-price lunch,80.9756011962891
Caschool.csv,testscr:low,mealpct,Schools with low test scores,Percent of students qualifying for reduced-price lunch,56.2994003295898
Caschool.csv,testscr:low,mealpct,Schools with low test scores,Percent of students qualifying for reduced-price lunch,68.0912017822266
Caschool.csv,testscr:low,mealpct,Schools with low test scores,Percent of students qualifying for reduced-price lunch,71.0238037109375
Caschool.csv,testscr:low,mealpct,Schools with low test scores,Percent of students qualifying for reduced-price lunch,69.6203002929687
Caschool.csv,testscr:low,mealpct,Schools with low test scores,Percent of students qualifying for reduced-price lunch,52.9734992980957
Caschool.csv,testscr:low,mealpct,Schools with low test scores,Percent of students qualifying for reduced-price lunch,71.7623977661133
Caschool.csv,testscr:low,mealpct,Schools with low test scores,Percent of students qualifying for reduced-price lunch,70.806396484375
Caschool.csv,testscr:low,mealpct,Schools with low test scores,Percent of students qualifying for reduced-price lunch,75.5043029785156
Caschool.csv,testscr:low,mealpct,Schools with low test scores,Percent of students qualifying for reduced-price lunch,82.067497253418
Caschool.csv,testscr:low,mealpct,Schools with low test scores,Percent of students qualifying for reduced-price lunch,74.8623962402344
Caschool.csv,testscr:low,mealpct,Schools with low test scores,Percent of students qualifying for reduced-price lunch,54.6540985107422
Caschool.csv,testscr:low,mealpct,Schools with low test scores,Percent of students qualifying for reduced-price lunch,63.4328002929687
Caschool.csv,testscr:low,mealpct,Schools with low test scores,Percent of students qualifying for reduced-price lunch,47.1502990722656
Caschool.csv,testscr:low,mealpct,Schools with low test scores,Percent of students qualifying for reduced-price lunch,53.2106018066406
Caschool.csv,testscr:low,mealpct,Schools with low test scores,Percent of students qualifying for reduced-price lunch,44.2597007751465
Caschool.csv,testscr:low,mealpct,Schools with low test scores,Percent of students qualifying for reduced-price lunch,80.2586975097656
Caschool.csv,testscr:low,mealpct,Schools with low test scores,Percent of students qualifying for reduced-price lunch,82.5721969604492
Caschool.csv,testscr:low,mealpct,Schools with low test scores,Percent of students qualifying for reduced-price lunch,67.7518005371094
Caschool.csv,testscr:low,mealpct,Schools with low test scores,Percent of students qualifying for reduced-price lunch,44.4766006469727
Caschool.csv,testscr:low,mealpct,Schools with low test scores,Percent of students qualifying for reduced-price lunch,48.8788986206055
Caschool.csv,testscr:low,mealpct,Schools with low test scores,Percent of students qualifying for reduced-price lunch,58.035701751709
Caschool.csv,testscr:low,mealpct,Schools with low test scores,Percent of students qualifying for reduced-price lunch,57.0722007751465
Caschool.csv,testscr:low,mealpct,Schools with low test scores,Percent of students qualifying for reduced-price lunch,34.0788993835449
Caschool.csv,testscr:low,mealpct,Schools with low test scores,Percent of students qualifying for reduced-price lunch,39.0368003845215
Caschool.csv,testscr:low,mealpct,Schools with low test scores,Percent of students qualifying for reduced-price lunch,31.3868999481201
Caschool.csv,testscr:low,mealpct,Schools with low test scores,Percent of students qualifying for reduced-price lunch,49.5237998962402
Caschool.csv,testscr:low,mealpct,Schools with low test scores,Percent of students qualifying for reduced-price lunch,45.8181991577148
Caschool.csv,testscr:low,mealpct,Schools with low test scores,Percent of students qualifying for reduced-price lunch,69.9774017333984
Caschool.csv,testscr:low,mealpct,Schools with low test scores,Percent of students qualifying for reduced-price lunch,58.5453987121582
Caschool.csv,testscr:low,mealpct,Schools with low test scores,Percent of students qualifying for reduced-price lunch,56.6750984191895
Caschool.csv,testscr:low,mealpct,Schools with low test scores,Percent of students qualifying for reduced-price lunch,59.0307998657227
Caschool.csv,testscr:low,mealpct,Schools with low test scores,Percent of students qualifying for reduced-price lunch,71.9121017456055
Caschool.csv,testscr:low,mealpct,Schools with low test scores,Percent of students qualifying for reduced-price lunch,59.0603981018066
Caschool.csv,testscr:low,mealpct,Schools with low test scores,Percent of students qualifying for reduced-price lunch,52.173900604248
Caschool.csv,testscr:low,mealpct,Schools with low test scores,Percent of students qualifying for reduced-price lunch,65.9150009155273
Caschool.csv,testscr:low,mealpct,Schools with low test scores,Percent of students qualifying for reduced-price lunch,70.6576995849609
Caschool.csv,testscr:low,mealpct,Schools with low test scores,Percent of students qualifying for reduced-price lunch,72.1428985595703
Caschool.csv,testscr:low,mealpct,Schools with low test scores,Percent of students qualifying for reduced-price lunch,47.029899597168
Caschool.csv,testscr:low,mealpct,Schools with low test scores,Percent of students qualifying for reduced-price lunch,35.8208999633789
Caschool.csv,testscr:low,mealpct,Schools with low test scores,Percent of students qualifying for reduced-price lunch,37.9575996398926
Caschool.csv,testscr:low,mealpct,Schools with low test scores,Percent of students qualifying for reduced-price lunch,40.625
Caschool.csv,testscr:low,mealpct,Schools with low test scores,Percent of students qualifying for reduced-price lunch,76.2773971557617
Caschool.csv,testscr:low,mealpct,Schools with low test scores,Percent of students qualifying for reduced-price lunch,55.7901000976562
Caschool.csv,testscr:low,mealpct,Schools with low test scores,Percent of students qualifying for reduced-price lunch,40.5646018981934
Caschool.csv,testscr:low,mealpct,Schools with low test scores,Percent of students qualifying for reduced-price lunch,55.0938987731934
Caschool.csv,testscr:low,mealpct,Schools with low test scores,Percent of students qualifying for reduced-price lunch,62.5038986206055
Caschool.csv,testscr:low,mealpct,Schools with low test scores,Percent of students qualifying for reduced-price lunch,43.902400970459
Caschool.csv,testscr:low,mealpct,Schools with low test scores,Percent of students qualifying for reduced-price lunch,68.8579025268555
Caschool.csv,testscr:low,mealpct,Schools with low test scores,Percent of students qualifying for reduced-price lunch,45.9949989318848
Caschool.csv,testscr:low,mealpct,Schools with low test scores,Percent of students qualifying for reduced-price lunch,59.5387992858887
Caschool.csv,testscr:low,mealpct,Schools with low test scores,Percent of students qualifying for reduced-price lunch,32.1870994567871
Caschool.csv,testscr:low,mealpct,Schools with low test scores,Percent of students qualifying for reduced-price lunch,7.48659992218018
Caschool.csv,testscr:low,mealpct,Schools with low test scores,Percent of students qualifying for reduced-price lunch,58.5331001281738
Caschool.csv,testscr:low,mealpct,Schools with low test scores,Percent of students qualifying for reduced-price lunch,32.4830017089844
Caschool.csv,testscr:low,mealpct,Schools with low test scores,Percent of students qualifying for reduced-price lunch,35.7591018676758
Caschool.csv,testscr:low,mealpct,Schools with low test scores,Percent of students qualifying for reduced-price lunch,39.285701751709
Caschool.csv,testscr:low,mealpct,Schools with low test scores,Percent of students qualifying for reduced-price lunch,67.234001159668
Caschool.csv,testscr:low,mealpct,Schools with low test scores,Percent of students qualifying for reduced-price lunch,51.5674018859863
Caschool.csv,testscr:low,mealpct,Schools with low test scores,Percent of students qualifying for reduced-price lunch,52.1202011108398
Caschool.csv,testscr:low,mealpct,Schools with low test scores,Percent of students qualifying for reduced-price lunch,23.2257995605469
Caschool.csv,testscr:low,mealpct,Schools with low test scores,Percent of students qualifying for reduced-price lunch,51.7709007263184
Caschool.csv,testscr:low,mealpct,Schools with low test scores,Percent of students qualifying for reduced-price lunch,52.2523002624512
Caschool.csv,testscr:low,mealpct,Schools with low test scores,Percent of students qualifying for reduced-price lunch,54.7619018554687
Caschool.csv,testscr:low,mealpct,Schools with low test scores,Percent of students qualifying for reduced-price lunch,89.6996002197266
Caschool.csv,testscr:low,mealpct,Schools with low test scores,Percent of students qualifying for reduced-price lunch,59.1304016113281
Caschool.csv,testscr:low,mealpct,Schools with low test scores,Percent of students qualifying for reduced-price lunch,29.7812004089355
Caschool.csv,testscr:low,mealpct,Schools with low test scores,Percent of students qualifying for reduced-price lunch,54.9897994995117
Caschool.csv,testscr:low,mealpct,Schools with low test scores,Percent of students qualifying for reduced-price lunch,17.5438995361328
Caschool.csv,testscr:low,mealpct,Schools with low test scores,Percent of students qualifying for reduced-price lunch,0
Caschool.csv,testscr:low,mealpct,Schools with low test scores,Percent of students qualifying for reduced-price lunch,55.1007995605469
Caschool.csv,testscr:low,mealpct,Schools with low test scores,Percent of students qualifying for reduced-price lunch,32.369701385498
Caschool.csv,testscr:low,mealpct,Schools with low test scores,Percent of students qualifying for reduced-price lunch,51.6529006958008
Caschool.csv,testscr:low,mealpct,Schools with low test scores,Percent of students qualifying for reduced-price lunch,50.7634010314941
Caschool.csv,testscr:low,mealpct,Schools with low test scores,Percent of students qualifying for reduced-price lunch,58.2042999267578
Caschool.csv,testscr:low,mealpct,Schools with low test scores,Percent of students qualifying for reduced-price lunch,45.714298248291
Caschool.csv,testscr:low,mealpct,Schools with low test scores,Percent of students qualifying for reduced-price lunch,66.8507995605469
Caschool.csv,testscr:low,mealpct,Schools with low test scores,Percent of students qualifying for reduced-price lunch,24.8148002624512
Caschool.csv,testscr:low,mealpct,Schools with low test scores,Percent of students qualifying for reduced-price lunch,32.1100997924805
Caschool.csv,testscr:low,mealpct,Schools with low test scores,Percent of students qualifying for reduced-price lunch,50
Caschool.csv,testscr:low,mealpct,Schools with low test scores,Percent of students qualifying for reduced-price lunch,40.3995018005371
Caschool.csv,testscr:low,mealpct,Schools with low test scores,Percent of students qualifying for reduced-price lunch,31.0345001220703
Caschool.csv,testscr:low,mealpct,Schools with low test scores,Percent of students qualifying for reduced-price lunch,47.7024993896484
Caschool.csv,testscr:low,mealpct,Schools with low test scores,Percent of students qualifying for reduced-price lunch,46.0503997802734
Caschool.csv,testscr:low,mealpct,Schools with low test scores,Percent of students qualifying for reduced-price lunch,32.3529014587402
Caschool.csv,testscr:low,mealpct,Schools with low test scores,Percent of students qualifying for reduced-price lunch,65.8536987304688
Caschool.csv,testscr:low,mealpct,Schools with low test scores,Percent of students qualifying for reduced-price lunch,59.2137985229492
Caschool.csv,testscr:low,mealpct,Schools with low test scores,Percent of students qualifying for reduced-price lunch,25.3071002960205
Caschool.csv,testscr:low,mealpct,Schools with low test scores,Percent of students qualifying for reduced-price lunch,36.4499015808105
Caschool.csv,testscr:low,mealpct,Schools with low test scores,Percent of students qualifying for reduced-price lunch,29.1986999511719
Caschool.csv,testscr:low,mealpct,Schools with low test scores,Percent of students qualifying for reduced-price lunch,30.7691993713379
Caschool.csv,testscr:low,mealpct,Schools with low test scores,Percent of students qualifying for reduced-price lunch,38.2001991271973
Caschool.csv,testscr:low,mealpct,Schools with low test scores,Percent of students qualifying for reduced-price lunch,28.1716003417969
Caschool.csv,testscr:low,mealpct,Schools with low test scores,Percent of students qualifying for reduced-price lunch,28.6644992828369
Caschool.csv,testscr:low,mealpct,Schools with low test scores,Percent of students qualifying for reduced-price lunch,53.6022987365723
Caschool.csv,testscr:low,mealpct,Schools with low test scores,Percent of students qualifying for reduced-price lunch,63.6904983520508
Caschool.csv,testscr:low,mealpct,Schools with low test scores,Percent of students qualifying for reduced-price lunch,29.6434993743896
Caschool.csv,testscr:low,mealpct,Schools with low test scores,Percent of students qualifying for reduced-price lunch,76.7725982666016
Caschool.csv,testscr:low,mealpct,Schools with low test scores,Percent of students qualifying for reduced-price lunch,40.9291000366211
Caschool.csv,testscr:low,mealpct,Schools with low test scores,Percent of students qualifying for reduced-price lunch,47.8527984619141
Caschool.csv,testscr:low,mealpct,Schools with low test scores,Percent of students qualifying for reduced-price lunch,62.2675018310547
Caschool.csv,testscr:low,mealpct,Schools with low test scores,Percent of students qualifying for reduced-price lunch,37.1938018798828
Caschool.csv,testscr:high,mealpct,Schools with high test scores,Percent of students qualifying for reduced-price lunch,2.04080009460449
Caschool.csv,testscr:high,mealpct,Schools with high test scores,Percent of students qualifying for reduced-price lunch,47.9166984558105
Caschool.csv,testscr:high,mealpct,Schools with high test scores,Percent of students qualifying for reduced-price lunch,41.0545997619629
Caschool.csv,testscr:high,mealpct,Schools with high test scores,Percent of students qualifying for reduced-price lunch,10.1266002655029
Caschool.csv,testscr:high,mealpct,Schools with high test scores,Percent of students qualifying for reduced-price lunch,25.888500213623
Caschool.csv,testscr:high,mealpct,Schools with high test scores,Percent of students qualifying for reduced-price lunch,23.3010005950928
Caschool.csv,testscr:high,mealpct,Schools with high test scores,Percent of students qualifying for reduced-price lunch,70.2856979370117
Caschool.csv,testscr:high,mealpct,Schools with high test scores,Percent of students qualifying for reduced-price lunch,23.4409008026123
Caschool.csv,testscr:high,mealpct,Schools with high test scores,Percent of students qualifying for reduced-price lunch,56.5217018127441
Caschool.csv,testscr:high,mealpct,Schools with high test scores,Percent of students qualifying for reduced-price lunch,12.5740995407104
Caschool.csv,testscr:high,mealpct,Schools with high test scores,Percent of students qualifying for reduced-price lunch,21.3433990478516
Caschool.csv,testscr:high,mealpct,Schools with high test scores,Percent of students qualifying for reduced-price lunch,60.9222984313965
Caschool.csv,testscr:high,mealpct,Schools with high test scores,Percent of students qualifying for reduced-price lunch,36.8899993896484
Caschool.csv,testscr:high,mealpct,Schools with high test scores,Percent of students qualifying for reduced-price lunch,34.0360984802246
Caschool.csv,testscr:high,mealpct,Schools with high test scores,Percent of students qualifying for reduced-price lunch,34.4471015930176
Caschool.csv,testscr:high,mealpct,Schools with high test scores,Percent of students qualifying for reduced-price lunch,36.6371994018555
Caschool.csv,testscr:high,mealpct,Schools with high test scores,Percent of students qualifying for reduced-price lunch,37.8839988708496
Caschool.csv,testscr:high,mealpct,Schools with high test scores,Percent of students qualifying for reduced-price lunch,34.2344017028809
Caschool.csv,testscr:high,mealpct,Schools with high test scores,Percent of students qualifying for reduced-price lunch,40.1629981994629
Caschool.csv,testscr:high,mealpct,Schools with high test scores,Percent of students qualifying for reduced-price lunch,20
Caschool.csv,testscr:high,mealpct,Schools with high test scores,Percent of students qualifying for reduced-price lunch,19.5685997009277
Caschool.csv,testscr:high,mealpct,Schools with high test scores,Percent of students qualifying for reduced-price lunch,56.0088996887207
Caschool.csv,testscr:high,mealpct,Schools with high test scores,Percent of students qualifying for reduced-price lunch,61.4193992614746
Caschool.csv,testscr:high,mealpct,Schools with high test scores,Percent of students qualifying for reduced-price lunch,39.8487014770508
Caschool.csv,testscr:high,mealpct,Schools with high test scores,Percent of students qualifying for reduced-price lunch,49.4268989562988
Caschool.csv,testscr:high,mealpct,Schools with high test scores,Percent of students qualifying for reduced-price lunch,50.9707984924316
Caschool.csv,testscr:high,mealpct,Schools with high test scores,Percent of students qualifying for reduced-price lunch,32.1367988586426
Caschool.csv,testscr:high,mealpct,Schools with high test scores,Percent of students qualifying for reduced-price lunch,25.316499710083
Caschool.csv,testscr:high,mealpct,Schools with high test scores,Percent of students qualifying for reduced-price lunch,36.1344985961914
Caschool.csv,testscr:high,mealpct,Schools with high test scores,Percent of students qualifying for reduced-price lunch,36.7816009521484
Caschool.csv,testscr:high,mealpct,Schools with high test scores,Percent of students qualifying for reduced-price lunch,51.8518981933594
Caschool.csv,testscr:high,mealpct,Schools with high test scores,Percent of students qualifying for reduced-price lunch,25.5596008300781
Caschool.csv,testscr:high,mealpct,Schools with high test scores,Percent of students qualifying for reduced-price lunch,51.5625
Caschool.csv,testscr:high,mealpct,Schools with high test scores,Percent of students qualifying for reduced-price lunch,37.2910995483398
Caschool.csv,testscr:high,mealpct,Schools with high test scores,Percent of students qualifying for reduced-price lunch,17.1508007049561
Caschool.csv,testscr:high,mealpct,Schools with high test scores,Percent of students qualifying for reduced-price lunch,32.6519012451172
Caschool.csv,testscr:high,mealpct,Schools with high test scores,Percent of students qualifying for reduced-price lunch,36.3143997192383
Caschool.csv,testscr:high,mealpct,Schools with high test scores,Percent of students qualifying for reduced-price lunch,26.9433002471924
Caschool.csv,testscr:high,mealpct,Schools with high test scores,Percent of students qualifying for reduced-price lunch,29.4964008331299
Caschool.csv,testscr:high,mealpct,Schools with high test scores,Percent of students qualifying for reduced-price lunch,32.7654991149902
Caschool.csv,testscr:high,mealpct,Schools with high test scores,Percent of students qualifying for reduced-price lunch,36.7977981567383
Caschool.csv,testscr:high,mealpct,Schools with high test scores,Percent of students qualifying for reduced-price lunch,31.3708992004395
Caschool.csv,testscr:high,mealpct,Schools with high test scores,Percent of students qualifying for reduced-price lunch,37.1086006164551
Caschool.csv,testscr:high,mealpct,Schools with high test scores,Percent of students qualifying for reduced-price lunch,31.5
Caschool.csv,testscr:high,mealpct,Schools with high test scores,Percent of students qualifying for reduced-price lunch,33.6301002502441
Caschool.csv,testscr:high,mealpct,Schools with high test scores,Percent of students qualifying for reduced-price lunch,47.124698638916
Caschool.csv,testscr:high,mealpct,Schools with high test scores,Percent of students qualifying for reduced-price lunch,33.5999984741211
Caschool.csv,testscr:high,mealpct,Schools with high test scores,Percent of students qualifying for reduced-price lunch,30.67799949646
Caschool.csv,testscr:high,mealpct,Schools with high test scores,Percent of students qualifying for reduced-price lunch,54.7619018554687
Caschool.csv,testscr:high,mealpct,Schools with high test scores,Percent of students qualifying for reduced-price lunch,21.2686996459961
Caschool.csv,testscr:high,mealpct,Schools with high test scores,Percent of students qualifying for reduced-price lunch,48.8120994567871
Caschool.csv,testscr:high,mealpct,Schools with high test scores,Percent of students qualifying for reduced-price lunch,22.693000793457
Caschool.csv,testscr:high,mealpct,Schools with high test scores,Percent of students qualifying for reduced-price lunch,66.206901550293
Caschool.csv,testscr:high,mealpct,Schools with high test scores,Percent of students qualifying for reduced-price lunch,15.6559000015259
Caschool.csv,testscr:high,mealpct,Schools with high test scores,Percent of students qualifying for reduced-price lunch,30.4416999816895
Caschool.csv,testscr:high,mealpct,Schools with high test scores,Percent of students qualifying for reduced-price lunch,21.3792991638184
Caschool.csv,testscr:high,mealpct,Schools with high test scores,Percent of students qualifying for reduced-price lunch,31.0188999176025
Caschool.csv,testscr:high,mealpct,Schools with high test scores,Percent of students qualifying for reduced-price lunch,18.3878002166748
Caschool.csv,testscr:high,mealpct,Schools with high test scores,Percent of students qualifying for reduced-price lunch,42.4468002319336
Caschool.csv,testscr:high,mealpct,Schools with high test scores,Percent of students qualifying for reduced-price lunch,30.0690994262695
Caschool.csv,testscr:high,mealpct,Schools with high test scores,Percent of students qualifying for reduced-price lunch,0
Caschool.csv,testscr:high,mealpct,Schools with high test scores,Percent of students qualifying for reduced-price lunch,42.6008987426758
Caschool.csv,testscr:high,mealpct,Schools with high test scores,Percent of students qualifying for reduced-price lunch,45.8824005126953
Caschool.csv,testscr:high,mealpct,Schools with high test scores,Percent of students qualifying for reduced-price lunch,56.875
Caschool.csv,testscr:high,mealpct,Schools with high test scores,Percent of students qualifying for reduced-price lunch,25.1037006378174
Caschool.csv,testscr:high,mealpct,Schools with high test scores,Percent of students qualifying for reduced-price lunch,44.3907012939453
Caschool.csv,testscr:high,mealpct,Schools with high test scores,Percent of students qualifying for reduced-price lunch,27.3544998168945
Caschool.csv,testscr:high,mealpct,Schools with high test scores,Percent of students qualifying for reduced-price lunch,24.7222003936768
Caschool.csv,testscr:high,mealpct,Schools with high test scores,Percent of students qualifying for reduced-price lunch,14.8508996963501
Caschool.csv,testscr:high,mealpct,Schools with high test scores,Percent of students qualifying for reduced-price lunch,29.8386993408203
Caschool.csv,testscr:high,mealpct,Schools with high test scores,Percent of students qualifying for reduced-price lunch,37.0873985290527
Caschool.csv,testscr:high,mealpct,Schools with high test scores,Percent of students qualifying for reduced-price lunch,25.6054992675781
Caschool.csv,testscr:high,mealpct,Schools with high test scores,Percent of students qualifying for reduced-price lunch,20.9263000488281
Caschool.csv,testscr:high,mealpct,Schools with high test scores,Percent of students qualifying for reduced-price lunch,35.8461990356445
Caschool.csv,testscr:high,mealpct,Schools with high test scores,Percent of students qualifying for reduced-price lunch,26.2136001586914
Caschool.csv,testscr:high,mealpct,Schools with high test scores,Percent of students qualifying for reduced-price lunch,36.4845008850098
Caschool.csv,testscr:high,mealpct,Schools with high test scores,Percent of students qualifying for reduced-price lunch,43.2164993286133
Caschool.csv,testscr:high,mealpct,Schools with high test scores,Percent of students qualifying for reduced-price lunch,55.2854995727539
Caschool.csv,testscr:high,mealpct,Schools with high test scores,Percent of students qualifying for reduced-price lunch,13.3691997528076
Caschool.csv,testscr:high,mealpct,Schools with high test scores,Percent of students qualifying for reduced-price lunch,25.4295997619629
Caschool.csv,testscr:high,mealpct,Schools with high test scores,Percent of students qualifying for reduced-price lunch,32.6861000061035
Caschool.csv,testscr:high,mealpct,Schools with high test scores,Percent of students qualifying for reduced-price lunch,33.8102989196777
Caschool.csv,testscr:high,mealpct,Schools with high test scores,Percent of students qualifying for reduced-price lunch,47.3054008483887
Caschool.csv,testscr:high,mealpct,Schools with high test scores,Percent of students qualifying for reduced-price lunch,15.9299001693726
Caschool.csv,testscr:high,mealpct,Schools with high test scores,Percent of students qualifying for reduced-price lunch,30.3731994628906
Caschool.csv,testscr:high,mealpct,Schools with high test scores,Percent of students qualifying for reduced-price lunch,29.0398006439209
Caschool.csv,testscr:high,mealpct,Schools with high test scores,Percent of students qualifying for reduced-price lunch,30.6436996459961
Caschool.csv,testscr:high,mealpct,Schools with high test scores,Percent of students qualifying for reduced-price lunch,50.3875999450684
Caschool.csv,testscr:high,mealpct,Schools with high test scores,Percent of students qualifying for reduced-price lunch,28.3766002655029
Caschool.csv,testscr:high,mealpct,Schools with high test scores,Percent of students qualifying for reduced-price lunch,31.082799911499
Caschool.csv,testscr:high,mealpct,Schools with high test scores,Percent of students qualifying for reduced-price lunch,30.172399520874
Caschool.csv,testscr:high,mealpct,Schools with high test scores,Percent of students qualifying for reduced-price lunch,24.7471008300781
Caschool.csv,testscr:high,mealpct,Schools with high test scores,Percent of students qualifying for reduced-price lunch,36.0007019042969
Caschool.csv,testscr:high,mealpct,Schools with high test scores,Percent of students qualifying for reduced-price lunch,13.8696002960205
Caschool.csv,testscr:high,mealpct,Schools with high test scores,Percent of students qualifying for reduced-price lunch,45.7234001159668
Caschool.csv,testscr:high,mealpct,Schools with high test scores,Percent of students qualifying for reduced-price lunch,15.0886001586914
Caschool.csv,testscr:high,mealpct,Schools with high test scores,Percent of students qualifying for reduced-price lunch,31.851900100708
Caschool.csv,testscr:high,mealpct,Schools with high test scores,Percent of students qualifying for reduced-price lunch,24.6035003662109
Caschool.csv,testscr:high,mealpct,Schools with high test scores,Percent of students qualifying for reduced-price lunch,44.4444007873535
Caschool.csv,testscr:high,mealpct,Schools with high test scores,Percent of students qualifying for reduced-price lunch,15.2097997665405
Caschool.csv,testscr:high,mealpct,Schools with high test scores,Percent of students qualifying for reduced-price lunch,18.4941005706787
Caschool.csv,testscr:high,mealpct,Schools with high test scores,Percent of students qualifying for reduced-price lunch,22.8831005096436
Caschool.csv,testscr:high,mealpct,Schools with high test scores,Percent of students qualifying for reduced-price lunch,22.9839000701904
Caschool.csv,testscr:high,mealpct,Schools with high test scores,Percent of students qualifying for reduced-price lunch,40.1638984680176
Caschool.csv,testscr:high,mealpct,Schools with high test scores,Percent of students qualifying for reduced-price lunch,13.2762002944946
Caschool.csv,testscr:high,mealpct,Schools with high test scores,Percent of students qualifying for reduced-price lunch,32.608699798584
Caschool.csv,testscr:high,mealpct,Schools with high test scores,Percent of students qualifying for reduced-price lunch,53.5032005310059
Caschool.csv,testscr:high,mealpct,Schools with high test scores,Percent of students qualifying for reduced-price lunch,20.5809993743896
Caschool.csv,testscr:high,mealpct,Schools with high test scores,Percent of students qualifying for reduced-price lunch,16.0650997161865
Caschool.csv,testscr:high,mealpct,Schools with high test scores,Percent of students qualifying for reduced-price lunch,19.8302001953125
Caschool.csv,testscr:high,mealpct,Schools with high test scores,Percent of students qualifying for reduced-price lunch,13.0612001419067
Caschool.csv,testscr:high,mealpct,Schools with high test scores,Percent of students qualifying for reduced-price lunch,8.67310047149658
Caschool.csv,testscr:high,mealpct,Schools with high test scores,Percent of students qualifying for reduced-price lunch,29.8642997741699
Caschool.csv,testscr:high,mealpct,Schools with high test scores,Percent of students qualifying for reduced-price lunch,23.6420001983643
Caschool.csv,testscr:high,mealpct,Schools with high test scores,Percent of students qualifying for reduced-price lunch,35.2678985595703
Caschool.csv,testscr:high,mealpct,Schools with high test scores,Percent of students qualifying for reduced-price lunch,28.125
Caschool.csv,testscr:high,mealpct,Schools with high test scores,Percent of students qualifying for reduced-price lunch,11.7517004013062
Caschool.csv,testscr:high,mealpct,Schools with high test scores,Percent of students qualifying for reduced-price lunch,24.3362998962402
Caschool.csv,testscr:high,mealpct,Schools with high test scores,Percent of students qualifying for reduced-price lunch,51.6666984558105
Caschool.csv,testscr:high,mealpct,Schools with high test scores,Percent of students qualifying for reduced-price lunch,42.9640007019043
Caschool.csv,testscr:high,mealpct,Schools with high test scores,Percent of students qualifying for reduced-price lunch,19.3724994659424
Caschool.csv,testscr:high,mealpct,Schools with high test scores,Percent of students qualifying for reduced-price lunch,16.9542999267578
Caschool.csv,testscr:high,mealpct,Schools with high test scores,Percent of students qualifying for reduced-price lunch,30.0851001739502
Caschool.csv,testscr:high,mealpct,Schools with high test scores,Percent of students qualifying for reduced-price lunch,15.3302001953125
Caschool.csv,testscr:high,mealpct,Schools with high test scores,Percent of students qualifying for reduced-price lunch,23.0988998413086
Caschool.csv,testscr:high,mealpct,Schools with high test scores,Percent of students qualifying for reduced-price lunch,44.6809005737305
Caschool.csv,testscr:high,mealpct,Schools with high test scores,Percent of students qualifying for reduced-price lunch,27.131799697876
Caschool.csv,testscr:high,mealpct,Schools with high test scores,Percent of students qualifying for reduced-price lunch,36.7020988464355
Caschool.csv,testscr:high,mealpct,Schools with high test scores,Percent of students qualifying for reduced-price lunch,46.1221008300781
Caschool.csv,testscr:high,mealpct,Schools with high test scores,Percent of students qualifying for reduced-price lunch,19.5300006866455
Caschool.csv,testscr:high,mealpct,Schools with high test scores,Percent of students qualifying for reduced-price lunch,12.1747999191284
Caschool.csv,testscr:high,mealpct,Schools with high test scores,Percent of students qualifying for reduced-price lunch,15.5128002166748
Caschool.csv,testscr:high,mealpct,Schools with high test scores,Percent of students qualifying for reduced-price lunch,19.0091991424561
Caschool.csv,testscr:high,mealpct,Schools with high test scores,Percent of students qualifying for reduced-price lunch,8.34430027008057
Caschool.csv,testscr:high,mealpct,Schools with high test scores,Percent of students qualifying for reduced-price lunch,14.2659997940063
Caschool.csv,testscr:high,mealpct,Schools with high test scores,Percent of students qualifying for reduced-price lunch,15.9292001724243
Caschool.csv,testscr:high,mealpct,Schools with high test scores,Percent of students qualifying for reduced-price lunch,33.918098449707
Caschool.csv,testscr:high,mealpct,Schools with high test scores,Percent of students qualifying for reduced-price lunch,11.7012996673584
Caschool.csv,testscr:high,mealpct,Schools with high test scores,Percent of students qualifying for reduced-price lunch,21.0891990661621
Caschool.csv,testscr:high,mealpct,Schools with high test scores,Percent of students qualifying for reduced-price lunch,10.4141998291016
Caschool.csv,testscr:high,mealpct,Schools with high test scores,Percent of students qualifying for reduced-price lunch,12.2580995559692
Caschool.csv,testscr:high,mealpct,Schools with high test scores,Percent of students qualifying for reduced-price lunch,2.03279995918274
Caschool.csv,testscr:high,mealpct,Schools with high test scores,Percent of students qualifying for reduced-price lunch,29.0209999084473
Caschool.csv,testscr:high,mealpct,Schools with high test scores,Percent of students qualifying for reduced-price lunch,33.921199798584
Caschool.csv,testscr:high,mealpct,Schools with high test scores,Percent of students qualifying for reduced-price lunch,25.9867992401123
Caschool.csv,testscr:high,mealpct,Schools with high test scores,Percent of students qualifying for reduced-price lunch,12.7451000213623
Caschool.csv,testscr:high,mealpct,Schools with high test scores,Percent of students qualifying for reduced-price lunch,25.1121006011963
Caschool.csv,testscr:high,mealpct,Schools with high test scores,Percent of students qualifying for reduced-price lunch,12.8205003738403
Caschool.csv,testscr:high,mealpct,Schools with high test scores,Percent of students qualifying for reduced-price lunch,32.1244010925293
Caschool.csv,testscr:high,mealpct,Schools with high test scores,Percent of students qualifying for reduced-price lunch,2.4456000328064
Caschool.csv,testscr:high,mealpct,Schools with high test scores,Percent of students qualifying for reduced-price lunch,11.1817998886108
Caschool.csv,testscr:high,mealpct,Schools with high test scores,Percent of students qualifying for reduced-price lunch,32.8638000488281
Caschool.csv,testscr:high,mealpct,Schools with high test scores,Percent of students qualifying for reduced-price lunch,22.1636009216309
Caschool.csv,testscr:high,mealpct,Schools with high test scores,Percent of students qualifying for reduced-price lunch,0
Caschool.csv,testscr:high,mealpct,Schools with high test scores,Percent of students qualifying for reduced-price lunch,23.0548000335693
Caschool.csv,testscr:high,mealpct,Schools with high test scores,Percent of students qualifying for reduced-price lunch,15.75
Caschool.csv,testscr:high,mealpct,Schools with high test scores,Percent of students qualifying for reduced-price lunch,25.3782005310059
Caschool.csv,testscr:high,mealpct,Schools with high test scores,Percent of students qualifying for reduced-price lunch,66.9065017700195
Caschool.csv,testscr:high,mealpct,Schools with high test scores,Percent of students qualifying for reduced-price lunch,14.0369997024536
Caschool.csv,testscr:high,mealpct,Schools with high test scores,Percent of students qualifying for reduced-price lunch,11.0429000854492
Caschool.csv,testscr:high,mealpct,Schools with high test scores,Percent of students qualifying for reduced-price lunch,27.7131996154785
Caschool.csv,testscr:high,mealpct,Schools with high test scores,Percent of students qualifying for reduced-price lunch,48.4847984313965
Caschool.csv,testscr:high,mealpct,Schools with high test scores,Percent of students qualifying for reduced-price lunch,4.04040002822876
Caschool.csv,testscr:high,mealpct,Schools with high test scores,Percent of students qualifying for reduced-price lunch,21.7803001403809
Caschool.csv,testscr:high,mealpct,Schools with high test scores,Percent of students qualifying for reduced-price lunch,10.1828002929688
Caschool.csv,testscr:high,mealpct,Schools with high test scores,Percent of students qualifying for reduced-price lunch,0
Caschool.csv,testscr:high,mealpct,Schools with high test scores,Percent of students qualifying for reduced-price lunch,19.091100692749
Caschool.csv,testscr:high,mealpct,Schools with high test scores,Percent of students qualifying for reduced-price lunch,3.73020005226135
Caschool.csv,testscr:high,mealpct,Schools with high test scores,Percent of students qualifying for reduced-price lunch,8.609299659729
Caschool.csv,testscr:high,mealpct,Schools with high test scores,Percent of students qualifying for reduced-price lunch,6.53529977798462
Caschool.csv,testscr:high,mealpct,Schools with high test scores,Percent of students qualifying for reduced-price lunch,19.2308006286621
Caschool.csv,testscr:high,mealpct,Schools with high test scores,Percent of students qualifying for reduced-price lunch,0
Caschool.csv,testscr:high,mealpct,Schools with high test scores,Percent of students qualifying for reduced-price lunch,10.65149974823
Caschool.csv,testscr:high,mealpct,Schools with high test scores,Percent of students qualifying for reduced-price lunch,0.677500009536743
Caschool.csv,testscr:high,mealpct,Schools with high test scores,Percent of students qualifying for reduced-price lunch,12.9412002563477
Caschool.csv,testscr:high,mealpct,Schools with high test scores,Percent of students qualifying for reduced-price lunch,11.4582996368408
Caschool.csv,testscr:high,mealpct,Schools with high test scores,Percent of students qualifying for reduced-price lunch,14.3999996185303
Caschool.csv,testscr:high,mealpct,Schools with high test scores,Percent of students qualifying for reduced-price lunch,0.536700010299683
Caschool.csv,testscr:high,mealpct,Schools with high test scores,Percent of students qualifying for reduced-price lunch,3.73130011558533
Caschool.csv,testscr:high,mealpct,Schools with high test scores,Percent of students qualifying for reduced-price lunch,29.3185005187988
Caschool.csv,testscr:high,mealpct,Schools with high test scores,Percent of students qualifying for reduced-price lunch,3.62199997901917
Caschool.csv,testscr:high,mealpct,Schools with high test scores,Percent of students qualifying for reduced-price lunch,16.25
Caschool.csv,testscr:high,mealpct,Schools with high test scores,Percent of students qualifying for reduced-price lunch,6.27089977264404
Caschool.csv,testscr:high,mealpct,Schools with high test scores,Percent of students qualifying for reduced-price lunch,11.4068002700806
Caschool.csv,testscr:high,mealpct,Schools with high test scores,Percent of students qualifying for reduced-price lunch,9.35249996185303
Caschool.csv,testscr:high,mealpct,Schools with high test scores,Percent of students qualifying for reduced-price lunch,5.93219995498657
Caschool.csv,testscr:high,mealpct,Schools with high test scores,Percent of students qualifying for reduced-price lunch,7.85930013656616
Caschool.csv,testscr:high,mealpct,Schools with high test scores,Percent of students qualifying for reduced-price lunch,12.5
Caschool.csv,testscr:high,mealpct,Schools with high test scores,Percent of students qualifying for reduced-price lunch,1.89869999885559
Caschool.csv,testscr:high,mealpct,Schools with high test scores,Percent of students qualifying for reduced-price lunch,4.69089984893799
Caschool.csv,testscr:high,mealpct,Schools with high test scores,Percent of students qualifying for reduced-price lunch,20.4818992614746
Caschool.csv,testscr:high,mealpct,Schools with high test scores,Percent of students qualifying for reduced-price lunch,2.79209995269775
Caschool.csv,testscr:high,mealpct,Schools with high test scores,Percent of students qualifying for reduced-price lunch,0.720000028610229
Caschool.csv,testscr:high,mealpct,Schools with high test scores,Percent of students qualifying for reduced-price lunch,9.67739963531494
Caschool.csv,testscr:high,mealpct,Schools with high test scores,Percent of students qualifying for reduced-price lunch,3.91750001907349
Caschool.csv,testscr:high,mealpct,Schools with high test scores,Percent of students qualifying for reduced-price lunch,1.41639995574951
Caschool.csv,testscr:high,mealpct,Schools with high test scores,Percent of students qualifying for reduced-price lunch,2.43589997291565
Caschool.csv,testscr:high,mealpct,Schools with high test scores,Percent of students qualifying for reduced-price lunch,0.17339999973774
Caschool.csv,testscr:high,mealpct,Schools with high test scores,Percent of students qualifying for reduced-price lunch,2.61159992218018
Caschool.csv,testscr:high,mealpct,Schools with high test scores,Percent of students qualifying for reduced-price lunch,0
Caschool.csv,testscr:high,mealpct,Schools with high test scores,Percent of students qualifying for reduced-price lunch,0.303299993276596
Caschool.csv,testscr:high,mealpct,Schools with high test scores,Percent of students qualifying for reduced-price lunch,0.12389999628067
Caschool.csv,testscr:high,mealpct,Schools with high test scores,Percent of students qualifying for reduced-price lunch,0
Caschool.csv,testscr:high,mealpct,Schools with high test scores,Percent of students qualifying for reduced-price lunch,0
Caschool.csv,testscr:high,mealpct,Schools with high test scores,Percent of students qualifying for reduced-price lunch,0
Caschool.csv,testscr:high,mealpct,Schools with high test scores,Percent of students qualifying for reduced-price lunch,0.59799998998642
Caschool.csv,testscr:high,mealpct,Schools with high test scores,Percent of students qualifying for reduced-price lunch,3.55690002441406
Caschool.csv,testscr:high,mealpct,Schools with high test scores,Percent of students qualifying for reduced-price lunch,1.50380003452301
Caschool.csv,testscr:high,mealpct,Schools with high test scores,Percent of students qualifying for reduced-price lunch,59.4058990478516
Caschool.csv,testscr:high,mealpct,Schools with high test scores,Percent of students qualifying for reduced-price lunch,47.5712013244629
