fileName,oldGroupName,oldAttributeName,newGroupName,newAttributeName,attributeValue
Caterpillars.csv,ActiveFeeding:Y,LogWetFrass,Caterpillars that are fed actively,Amount of web frass in log scale,-3.617982957
Caterpillars.csv,ActiveFeeding:Y,LogWetFrass,Caterpillars that are fed actively,Amount of web frass in log scale,-4.200659451
Caterpillars.csv,ActiveFeeding:Y,LogWetFrass,Caterpillars that are fed actively,Amount of web frass in log scale,-2.689306688
Caterpillars.csv,ActiveFeeding:Y,LogWetFrass,Caterpillars that are fed actively,Amount of web frass in log scale,-1.530177984
Caterpillars.csv,ActiveFeeding:Y,LogWetFrass,Caterpillars that are fed actively,Amount of web frass in log scale,-1.374687549
Caterpillars.csv,ActiveFeeding:Y,LogWetFrass,Caterpillars that are fed actively,Amount of web frass in log scale,-0.636200055
Caterpillars.csv,ActiveFeeding:Y,LogWetFrass,Caterpillars that are fed actively,Amount of web frass in log scale,-0.611543547
Caterpillars.csv,ActiveFeeding:Y,LogWetFrass,Caterpillars that are fed actively,Amount of web frass in log scale,0.024074987
Caterpillars.csv,ActiveFeeding:Y,LogWetFrass,Caterpillars that are fed actively,Amount of web frass in log scale,0.380988656
Caterpillars.csv,ActiveFeeding:Y,LogWetFrass,Caterpillars that are fed actively,Amount of web frass in log scale,0.466036775
Caterpillars.csv,ActiveFeeding:Y,LogWetFrass,Caterpillars that are fed actively,Amount of web frass in log scale,-3.782516056
Caterpillars.csv,ActiveFeeding:Y,LogWetFrass,Caterpillars that are fed actively,Amount of web frass in log scale,-2.896538378
Caterpillars.csv,ActiveFeeding:Y,LogWetFrass,Caterpillars that are fed actively,Amount of web frass in log scale,-1.692503962
Caterpillars.csv,ActiveFeeding:Y,LogWetFrass,Caterpillars that are fed actively,Amount of web frass in log scale,-1.671620397
Caterpillars.csv,ActiveFeeding:Y,LogWetFrass,Caterpillars that are fed actively,Amount of web frass in log scale,-1.091514981
Caterpillars.csv,ActiveFeeding:Y,LogWetFrass,Caterpillars that are fed actively,Amount of web frass in log scale,-0.851705903
Caterpillars.csv,ActiveFeeding:Y,LogWetFrass,Caterpillars that are fed actively,Amount of web frass in log scale,-0.769551079
Caterpillars.csv,ActiveFeeding:Y,LogWetFrass,Caterpillars that are fed actively,Amount of web frass in log scale,-0.109076229
Caterpillars.csv,ActiveFeeding:Y,LogWetFrass,Caterpillars that are fed actively,Amount of web frass in log scale,0.151614972
Caterpillars.csv,ActiveFeeding:Y,LogWetFrass,Caterpillars that are fed actively,Amount of web frass in log scale,0.38813674
Caterpillars.csv,ActiveFeeding:Y,LogWetFrass,Caterpillars that are fed actively,Amount of web frass in log scale,-3.698970004
Caterpillars.csv,ActiveFeeding:Y,LogWetFrass,Caterpillars that are fed actively,Amount of web frass in log scale,-3.123782159
Caterpillars.csv,ActiveFeeding:Y,LogWetFrass,Caterpillars that are fed actively,Amount of web frass in log scale,-3.647817482
Caterpillars.csv,ActiveFeeding:Y,LogWetFrass,Caterpillars that are fed actively,Amount of web frass in log scale,-2.947306058
Caterpillars.csv,ActiveFeeding:Y,LogWetFrass,Caterpillars that are fed actively,Amount of web frass in log scale,-2.559720787
Caterpillars.csv,ActiveFeeding:Y,LogWetFrass,Caterpillars that are fed actively,Amount of web frass in log scale,-1.774690718
Caterpillars.csv,ActiveFeeding:Y,LogWetFrass,Caterpillars that are fed actively,Amount of web frass in log scale,-1.995678626
Caterpillars.csv,ActiveFeeding:Y,LogWetFrass,Caterpillars that are fed actively,Amount of web frass in log scale,-1.759450752
Caterpillars.csv,ActiveFeeding:Y,LogWetFrass,Caterpillars that are fed actively,Amount of web frass in log scale,-1.119186408
Caterpillars.csv,ActiveFeeding:Y,LogWetFrass,Caterpillars that are fed actively,Amount of web frass in log scale,-0.950781977
Caterpillars.csv,ActiveFeeding:Y,LogWetFrass,Caterpillars that are fed actively,Amount of web frass in log scale,-0.820161072
Caterpillars.csv,ActiveFeeding:Y,LogWetFrass,Caterpillars that are fed actively,Amount of web frass in log scale,-0.233141189
Caterpillars.csv,ActiveFeeding:Y,LogWetFrass,Caterpillars that are fed actively,Amount of web frass in log scale,0.221075017
Caterpillars.csv,ActiveFeeding:Y,LogWetFrass,Caterpillars that are fed actively,Amount of web frass in log scale,0.4363217
Caterpillars.csv,ActiveFeeding:Y,LogWetFrass,Caterpillars that are fed actively,Amount of web frass in log scale,-3.943095149
Caterpillars.csv,ActiveFeeding:Y,LogWetFrass,Caterpillars that are fed actively,Amount of web frass in log scale,-3.262807357
Caterpillars.csv,ActiveFeeding:Y,LogWetFrass,Caterpillars that are fed actively,Amount of web frass in log scale,-3.029188389
Caterpillars.csv,ActiveFeeding:Y,LogWetFrass,Caterpillars that are fed actively,Amount of web frass in log scale,-2.552221991
Caterpillars.csv,ActiveFeeding:Y,LogWetFrass,Caterpillars that are fed actively,Amount of web frass in log scale,-1.920818754
Caterpillars.csv,ActiveFeeding:Y,LogWetFrass,Caterpillars that are fed actively,Amount of web frass in log scale,-1.638272164
Caterpillars.csv,ActiveFeeding:Y,LogWetFrass,Caterpillars that are fed actively,Amount of web frass in log scale,-1.232102384
Caterpillars.csv,ActiveFeeding:Y,LogWetFrass,Caterpillars that are fed actively,Amount of web frass in log scale,-0.733533105
Caterpillars.csv,ActiveFeeding:Y,LogWetFrass,Caterpillars that are fed actively,Amount of web frass in log scale,-0.973466735
Caterpillars.csv,ActiveFeeding:Y,LogWetFrass,Caterpillars that are fed actively,Amount of web frass in log scale,0.014520539
Caterpillars.csv,ActiveFeeding:Y,LogWetFrass,Caterpillars that are fed actively,Amount of web frass in log scale,0.336499759
Caterpillars.csv,ActiveFeeding:Y,LogWetFrass,Caterpillars that are fed actively,Amount of web frass in log scale,0.532078851
Caterpillars.csv,ActiveFeeding:Y,LogWetFrass,Caterpillars that are fed actively,Amount of web frass in log scale,-4.292429824
Caterpillars.csv,ActiveFeeding:Y,LogWetFrass,Caterpillars that are fed actively,Amount of web frass in log scale,-3.048662481
Caterpillars.csv,ActiveFeeding:Y,LogWetFrass,Caterpillars that are fed actively,Amount of web frass in log scale,-2.614751318
Caterpillars.csv,ActiveFeeding:Y,LogWetFrass,Caterpillars that are fed actively,Amount of web frass in log scale,-2.621238825
Caterpillars.csv,ActiveFeeding:Y,LogWetFrass,Caterpillars that are fed actively,Amount of web frass in log scale,-1.528708289
Caterpillars.csv,ActiveFeeding:Y,LogWetFrass,Caterpillars that are fed actively,Amount of web frass in log scale,-2.168322151
Caterpillars.csv,ActiveFeeding:Y,LogWetFrass,Caterpillars that are fed actively,Amount of web frass in log scale,-1.185752404
Caterpillars.csv,ActiveFeeding:Y,LogWetFrass,Caterpillars that are fed actively,Amount of web frass in log scale,-0.899284913
Caterpillars.csv,ActiveFeeding:Y,LogWetFrass,Caterpillars that are fed actively,Amount of web frass in log scale,-1.148130399
Caterpillars.csv,ActiveFeeding:Y,LogWetFrass,Caterpillars that are fed actively,Amount of web frass in log scale,-0.175223538
Caterpillars.csv,ActiveFeeding:Y,LogWetFrass,Caterpillars that are fed actively,Amount of web frass in log scale,0.193291603
Caterpillars.csv,ActiveFeeding:Y,LogWetFrass,Caterpillars that are fed actively,Amount of web frass in log scale,0.340820737
Caterpillars.csv,ActiveFeeding:Y,LogWetFrass,Caterpillars that are fed actively,Amount of web frass in log scale,-3.602059991
Caterpillars.csv,ActiveFeeding:Y,LogWetFrass,Caterpillars that are fed actively,Amount of web frass in log scale,-3.088842391
Caterpillars.csv,ActiveFeeding:Y,LogWetFrass,Caterpillars that are fed actively,Amount of web frass in log scale,-2.306624849
Caterpillars.csv,ActiveFeeding:Y,LogWetFrass,Caterpillars that are fed actively,Amount of web frass in log scale,-2.655018586
Caterpillars.csv,ActiveFeeding:Y,LogWetFrass,Caterpillars that are fed actively,Amount of web frass in log scale,-1.457174573
Caterpillars.csv,ActiveFeeding:Y,LogWetFrass,Caterpillars that are fed actively,Amount of web frass in log scale,-1.349692477
Caterpillars.csv,ActiveFeeding:Y,LogWetFrass,Caterpillars that are fed actively,Amount of web frass in log scale,-0.7780644
Caterpillars.csv,ActiveFeeding:Y,LogWetFrass,Caterpillars that are fed actively,Amount of web frass in log scale,-0.968187729
Caterpillars.csv,ActiveFeeding:Y,LogWetFrass,Caterpillars that are fed actively,Amount of web frass in log scale,-0.049245818
Caterpillars.csv,ActiveFeeding:Y,LogWetFrass,Caterpillars that are fed actively,Amount of web frass in log scale,0.345902796
Caterpillars.csv,ActiveFeeding:Y,LogWetFrass,Caterpillars that are fed actively,Amount of web frass in log scale,0.538598866
Caterpillars.csv,ActiveFeeding:Y,LogWetFrass,Caterpillars that are fed actively,Amount of web frass in log scale,-3.591760035
Caterpillars.csv,ActiveFeeding:Y,LogWetFrass,Caterpillars that are fed actively,Amount of web frass in log scale,-2.97798426
Caterpillars.csv,ActiveFeeding:Y,LogWetFrass,Caterpillars that are fed actively,Amount of web frass in log scale,-2.732359018
Caterpillars.csv,ActiveFeeding:Y,LogWetFrass,Caterpillars that are fed actively,Amount of web frass in log scale,-1.760325212
Caterpillars.csv,ActiveFeeding:Y,LogWetFrass,Caterpillars that are fed actively,Amount of web frass in log scale,-1.924453039
Caterpillars.csv,ActiveFeeding:Y,LogWetFrass,Caterpillars that are fed actively,Amount of web frass in log scale,-1.138465589
Caterpillars.csv,ActiveFeeding:Y,LogWetFrass,Caterpillars that are fed actively,Amount of web frass in log scale,-0.126621264
Caterpillars.csv,ActiveFeeding:Y,LogWetFrass,Caterpillars that are fed actively,Amount of web frass in log scale,-0.688882157
Caterpillars.csv,ActiveFeeding:Y,LogWetFrass,Caterpillars that are fed actively,Amount of web frass in log scale,0.013721778
Caterpillars.csv,ActiveFeeding:Y,LogWetFrass,Caterpillars that are fed actively,Amount of web frass in log scale,0.363104066
Caterpillars.csv,ActiveFeeding:Y,LogWetFrass,Caterpillars that are fed actively,Amount of web frass in log scale,0.490618555
Caterpillars.csv,ActiveFeeding:Y,LogWetFrass,Caterpillars that are fed actively,Amount of web frass in log scale,-3.262807357
Caterpillars.csv,ActiveFeeding:Y,LogWetFrass,Caterpillars that are fed actively,Amount of web frass in log scale,-2.523168371
Caterpillars.csv,ActiveFeeding:Y,LogWetFrass,Caterpillars that are fed actively,Amount of web frass in log scale,-2.893809103
Caterpillars.csv,ActiveFeeding:Y,LogWetFrass,Caterpillars that are fed actively,Amount of web frass in log scale,-1.723538196
Caterpillars.csv,ActiveFeeding:Y,LogWetFrass,Caterpillars that are fed actively,Amount of web frass in log scale,-1.308034897
Caterpillars.csv,ActiveFeeding:Y,LogWetFrass,Caterpillars that are fed actively,Amount of web frass in log scale,-0.683819901
Caterpillars.csv,ActiveFeeding:Y,LogWetFrass,Caterpillars that are fed actively,Amount of web frass in log scale,-0.471468939
Caterpillars.csv,ActiveFeeding:Y,LogWetFrass,Caterpillars that are fed actively,Amount of web frass in log scale,0.112772521
Caterpillars.csv,ActiveFeeding:Y,LogWetFrass,Caterpillars that are fed actively,Amount of web frass in log scale,0.412544542
Caterpillars.csv,ActiveFeeding:Y,LogWetFrass,Caterpillars that are fed actively,Amount of web frass in log scale,-3.995678626
Caterpillars.csv,ActiveFeeding:Y,LogWetFrass,Caterpillars that are fed actively,Amount of web frass in log scale,-4.031517051
Caterpillars.csv,ActiveFeeding:Y,LogWetFrass,Caterpillars that are fed actively,Amount of web frass in log scale,-2.561774192
Caterpillars.csv,ActiveFeeding:Y,LogWetFrass,Caterpillars that are fed actively,Amount of web frass in log scale,-1.853871964
Caterpillars.csv,ActiveFeeding:Y,LogWetFrass,Caterpillars that are fed actively,Amount of web frass in log scale,-1.739928612
Caterpillars.csv,ActiveFeeding:Y,LogWetFrass,Caterpillars that are fed actively,Amount of web frass in log scale,-1.024108864
Caterpillars.csv,ActiveFeeding:Y,LogWetFrass,Caterpillars that are fed actively,Amount of web frass in log scale,-0.546375926
Caterpillars.csv,ActiveFeeding:Y,LogWetFrass,Caterpillars that are fed actively,Amount of web frass in log scale,-0.607303047
Caterpillars.csv,ActiveFeeding:Y,LogWetFrass,Caterpillars that are fed actively,Amount of web frass in log scale,-0.061130178
Caterpillars.csv,ActiveFeeding:Y,LogWetFrass,Caterpillars that are fed actively,Amount of web frass in log scale,0.354588588
Caterpillars.csv,ActiveFeeding:Y,LogWetFrass,Caterpillars that are fed actively,Amount of web frass in log scale,-3.3400838
Caterpillars.csv,ActiveFeeding:Y,LogWetFrass,Caterpillars that are fed actively,Amount of web frass in log scale,-3.231361899
Caterpillars.csv,ActiveFeeding:Y,LogWetFrass,Caterpillars that are fed actively,Amount of web frass in log scale,-2.601365675
Caterpillars.csv,ActiveFeeding:Y,LogWetFrass,Caterpillars that are fed actively,Amount of web frass in log scale,-3.071604148
Caterpillars.csv,ActiveFeeding:Y,LogWetFrass,Caterpillars that are fed actively,Amount of web frass in log scale,-1.659555885
Caterpillars.csv,ActiveFeeding:Y,LogWetFrass,Caterpillars that are fed actively,Amount of web frass in log scale,-1.238072162
Caterpillars.csv,ActiveFeeding:Y,LogWetFrass,Caterpillars that are fed actively,Amount of web frass in log scale,-0.592269272
Caterpillars.csv,ActiveFeeding:Y,LogWetFrass,Caterpillars that are fed actively,Amount of web frass in log scale,-0.660349842
Caterpillars.csv,ActiveFeeding:Y,LogWetFrass,Caterpillars that are fed actively,Amount of web frass in log scale,0.061113054
Caterpillars.csv,ActiveFeeding:Y,LogWetFrass,Caterpillars that are fed actively,Amount of web frass in log scale,0.406165333
Caterpillars.csv,ActiveFeeding:Y,LogWetFrass,Caterpillars that are fed actively,Amount of web frass in log scale,-3.175874166
Caterpillars.csv,ActiveFeeding:Y,LogWetFrass,Caterpillars that are fed actively,Amount of web frass in log scale,-3.454692884
Caterpillars.csv,ActiveFeeding:Y,LogWetFrass,Caterpillars that are fed actively,Amount of web frass in log scale,-2.679853714
Caterpillars.csv,ActiveFeeding:Y,LogWetFrass,Caterpillars that are fed actively,Amount of web frass in log scale,-2.806041022
Caterpillars.csv,ActiveFeeding:Y,LogWetFrass,Caterpillars that are fed actively,Amount of web frass in log scale,-2.227458267
Caterpillars.csv,ActiveFeeding:Y,LogWetFrass,Caterpillars that are fed actively,Amount of web frass in log scale,-1.610833916
Caterpillars.csv,ActiveFeeding:Y,LogWetFrass,Caterpillars that are fed actively,Amount of web frass in log scale,-1.179798541
Caterpillars.csv,ActiveFeeding:Y,LogWetFrass,Caterpillars that are fed actively,Amount of web frass in log scale,-0.760200182
Caterpillars.csv,ActiveFeeding:Y,LogWetFrass,Caterpillars that are fed actively,Amount of web frass in log scale,-1.188424994
Caterpillars.csv,ActiveFeeding:Y,LogWetFrass,Caterpillars that are fed actively,Amount of web frass in log scale,-0.106182776
Caterpillars.csv,ActiveFeeding:Y,LogWetFrass,Caterpillars that are fed actively,Amount of web frass in log scale,0.21114725
Caterpillars.csv,ActiveFeeding:Y,LogWetFrass,Caterpillars that are fed actively,Amount of web frass in log scale,0.458229798
Caterpillars.csv,ActiveFeeding:Y,LogWetFrass,Caterpillars that are fed actively,Amount of web frass in log scale,-3.306273051
Caterpillars.csv,ActiveFeeding:Y,LogWetFrass,Caterpillars that are fed actively,Amount of web frass in log scale,-2.697236292
Caterpillars.csv,ActiveFeeding:Y,LogWetFrass,Caterpillars that are fed actively,Amount of web frass in log scale,-2.827397069
Caterpillars.csv,ActiveFeeding:Y,LogWetFrass,Caterpillars that are fed actively,Amount of web frass in log scale,-1.567030709
Caterpillars.csv,ActiveFeeding:Y,LogWetFrass,Caterpillars that are fed actively,Amount of web frass in log scale,-1.130181792
Caterpillars.csv,ActiveFeeding:Y,LogWetFrass,Caterpillars that are fed actively,Amount of web frass in log scale,-0.678194516
Caterpillars.csv,ActiveFeeding:Y,LogWetFrass,Caterpillars that are fed actively,Amount of web frass in log scale,-1.007888512
Caterpillars.csv,ActiveFeeding:Y,LogWetFrass,Caterpillars that are fed actively,Amount of web frass in log scale,0.014688512
Caterpillars.csv,ActiveFeeding:Y,LogWetFrass,Caterpillars that are fed actively,Amount of web frass in log scale,0.245784017
Caterpillars.csv,ActiveFeeding:Y,LogWetFrass,Caterpillars that are fed actively,Amount of web frass in log scale,-3.057495894
Caterpillars.csv,ActiveFeeding:Y,LogWetFrass,Caterpillars that are fed actively,Amount of web frass in log scale,-2.921543182
Caterpillars.csv,ActiveFeeding:Y,LogWetFrass,Caterpillars that are fed actively,Amount of web frass in log scale,-1.519993057
Caterpillars.csv,ActiveFeeding:Y,LogWetFrass,Caterpillars that are fed actively,Amount of web frass in log scale,-1.137868621
Caterpillars.csv,ActiveFeeding:Y,LogWetFrass,Caterpillars that are fed actively,Amount of web frass in log scale,-0.68655463
Caterpillars.csv,ActiveFeeding:Y,LogWetFrass,Caterpillars that are fed actively,Amount of web frass in log scale,-0.634137785
Caterpillars.csv,ActiveFeeding:Y,LogWetFrass,Caterpillars that are fed actively,Amount of web frass in log scale,-0.056109952
Caterpillars.csv,ActiveFeeding:Y,LogWetFrass,Caterpillars that are fed actively,Amount of web frass in log scale,0.293473048
Caterpillars.csv,ActiveFeeding:Y,LogWetFrass,Caterpillars that are fed actively,Amount of web frass in log scale,0.466214947
Caterpillars.csv,ActiveFeeding:Y,LogWetFrass,Caterpillars that are fed actively,Amount of web frass in log scale,-3.434152181
Caterpillars.csv,ActiveFeeding:Y,LogWetFrass,Caterpillars that are fed actively,Amount of web frass in log scale,-3.084072788
Caterpillars.csv,ActiveFeeding:Y,LogWetFrass,Caterpillars that are fed actively,Amount of web frass in log scale,-3.164309429
Caterpillars.csv,ActiveFeeding:Y,LogWetFrass,Caterpillars that are fed actively,Amount of web frass in log scale,-2.574628834
Caterpillars.csv,ActiveFeeding:Y,LogWetFrass,Caterpillars that are fed actively,Amount of web frass in log scale,-1.943095149
Caterpillars.csv,ActiveFeeding:Y,LogWetFrass,Caterpillars that are fed actively,Amount of web frass in log scale,-1.621602099
Caterpillars.csv,ActiveFeeding:Y,LogWetFrass,Caterpillars that are fed actively,Amount of web frass in log scale,-1.139661993
Caterpillars.csv,ActiveFeeding:Y,LogWetFrass,Caterpillars that are fed actively,Amount of web frass in log scale,-0.77702355
Caterpillars.csv,ActiveFeeding:Y,LogWetFrass,Caterpillars that are fed actively,Amount of web frass in log scale,-1.015022874
Caterpillars.csv,ActiveFeeding:Y,LogWetFrass,Caterpillars that are fed actively,Amount of web frass in log scale,-0.207118255
Caterpillars.csv,ActiveFeeding:Y,LogWetFrass,Caterpillars that are fed actively,Amount of web frass in log scale,0.093771781
Caterpillars.csv,ActiveFeeding:Y,LogWetFrass,Caterpillars that are fed actively,Amount of web frass in log scale,0.386908988
Caterpillars.csv,ActiveFeeding:Y,LogWetFrass,Caterpillars that are fed actively,Amount of web frass in log scale,-3.073143291
Caterpillars.csv,ActiveFeeding:Y,LogWetFrass,Caterpillars that are fed actively,Amount of web frass in log scale,-2.602059991
Caterpillars.csv,ActiveFeeding:Y,LogWetFrass,Caterpillars that are fed actively,Amount of web frass in log scale,-2.770062314
Caterpillars.csv,ActiveFeeding:Y,LogWetFrass,Caterpillars that are fed actively,Amount of web frass in log scale,-1.585026652
Caterpillars.csv,ActiveFeeding:Y,LogWetFrass,Caterpillars that are fed actively,Amount of web frass in log scale,-1.178486472
Caterpillars.csv,ActiveFeeding:Y,LogWetFrass,Caterpillars that are fed actively,Amount of web frass in log scale,-0.744245213
Caterpillars.csv,ActiveFeeding:Y,LogWetFrass,Caterpillars that are fed actively,Amount of web frass in log scale,-1.151195299
Caterpillars.csv,ActiveFeeding:Y,LogWetFrass,Caterpillars that are fed actively,Amount of web frass in log scale,-0.092105165
Caterpillars.csv,ActiveFeeding:Y,LogWetFrass,Caterpillars that are fed actively,Amount of web frass in log scale,0.132227661
Caterpillars.csv,ActiveFeeding:Y,LogWetFrass,Caterpillars that are fed actively,Amount of web frass in log scale,0.355930187
Caterpillars.csv,ActiveFeeding:Y,LogWetFrass,Caterpillars that are fed actively,Amount of web frass in log scale,-3.311580178
Caterpillars.csv,ActiveFeeding:Y,LogWetFrass,Caterpillars that are fed actively,Amount of web frass in log scale,-3.345823458
Caterpillars.csv,ActiveFeeding:Y,LogWetFrass,Caterpillars that are fed actively,Amount of web frass in log scale,-2.383839687
Caterpillars.csv,ActiveFeeding:Y,LogWetFrass,Caterpillars that are fed actively,Amount of web frass in log scale,-3.007888512
Caterpillars.csv,ActiveFeeding:Y,LogWetFrass,Caterpillars that are fed actively,Amount of web frass in log scale,-1.274088368
Caterpillars.csv,ActiveFeeding:Y,LogWetFrass,Caterpillars that are fed actively,Amount of web frass in log scale,-0.698535927
Caterpillars.csv,ActiveFeeding:Y,LogWetFrass,Caterpillars that are fed actively,Amount of web frass in log scale,-0.795880017
Caterpillars.csv,ActiveFeeding:Y,LogWetFrass,Caterpillars that are fed actively,Amount of web frass in log scale,0.045596772
Caterpillars.csv,ActiveFeeding:Y,LogWetFrass,Caterpillars that are fed actively,Amount of web frass in log scale,0.40373805
Caterpillars.csv,ActiveFeeding:Y,LogWetFrass,Caterpillars that are fed actively,Amount of web frass in log scale,0.602211968
Caterpillars.csv,ActiveFeeding:Y,LogWetFrass,Caterpillars that are fed actively,Amount of web frass in log scale,-2.88941029
Caterpillars.csv,ActiveFeeding:Y,LogWetFrass,Caterpillars that are fed actively,Amount of web frass in log scale,-2.322849479
Caterpillars.csv,ActiveFeeding:Y,LogWetFrass,Caterpillars that are fed actively,Amount of web frass in log scale,-1.655607726
Caterpillars.csv,ActiveFeeding:Y,LogWetFrass,Caterpillars that are fed actively,Amount of web frass in log scale,-1.030584088
Caterpillars.csv,ActiveFeeding:Y,LogWetFrass,Caterpillars that are fed actively,Amount of web frass in log scale,-0.567030709
Caterpillars.csv,ActiveFeeding:Y,LogWetFrass,Caterpillars that are fed actively,Amount of web frass in log scale,-0.538651566
Caterpillars.csv,ActiveFeeding:Y,LogWetFrass,Caterpillars that are fed actively,Amount of web frass in log scale,0.155244917
Caterpillars.csv,ActiveFeeding:Y,LogWetFrass,Caterpillars that are fed actively,Amount of web frass in log scale,0.432664697
Caterpillars.csv,ActiveFeeding:N,LogWetFrass,Caterpillars that are NOT fed actively,Amount of web frass in log scale,-2.853561865
Caterpillars.csv,ActiveFeeding:N,LogWetFrass,Caterpillars that are NOT fed actively,Amount of web frass in log scale,-2.269459964
Caterpillars.csv,ActiveFeeding:N,LogWetFrass,Caterpillars that are NOT fed actively,Amount of web frass in log scale,-1.801342913
Caterpillars.csv,ActiveFeeding:N,LogWetFrass,Caterpillars that are NOT fed actively,Amount of web frass in log scale,-0.991399828
Caterpillars.csv,ActiveFeeding:N,LogWetFrass,Caterpillars that are NOT fed actively,Amount of web frass in log scale,-2.481617684
Caterpillars.csv,ActiveFeeding:N,LogWetFrass,Caterpillars that are NOT fed actively,Amount of web frass in log scale,-2.889747083
Caterpillars.csv,ActiveFeeding:N,LogWetFrass,Caterpillars that are NOT fed actively,Amount of web frass in log scale,-1.732828272
Caterpillars.csv,ActiveFeeding:N,LogWetFrass,Caterpillars that are NOT fed actively,Amount of web frass in log scale,-1.707743929
Caterpillars.csv,ActiveFeeding:N,LogWetFrass,Caterpillars that are NOT fed actively,Amount of web frass in log scale,0.367691298
Caterpillars.csv,ActiveFeeding:N,LogWetFrass,Caterpillars that are NOT fed actively,Amount of web frass in log scale,-3.759450752
Caterpillars.csv,ActiveFeeding:N,LogWetFrass,Caterpillars that are NOT fed actively,Amount of web frass in log scale,-2.662540739
Caterpillars.csv,ActiveFeeding:N,LogWetFrass,Caterpillars that are NOT fed actively,Amount of web frass in log scale,-1.361510743
Caterpillars.csv,ActiveFeeding:N,LogWetFrass,Caterpillars that are NOT fed actively,Amount of web frass in log scale,0.375755035
Caterpillars.csv,ActiveFeeding:N,LogWetFrass,Caterpillars that are NOT fed actively,Amount of web frass in log scale,-3.534617149
Caterpillars.csv,ActiveFeeding:N,LogWetFrass,Caterpillars that are NOT fed actively,Amount of web frass in log scale,-3.162411562
Caterpillars.csv,ActiveFeeding:N,LogWetFrass,Caterpillars that are NOT fed actively,Amount of web frass in log scale,-2.033623577
Caterpillars.csv,ActiveFeeding:N,LogWetFrass,Caterpillars that are NOT fed actively,Amount of web frass in log scale,-1.088842391
Caterpillars.csv,ActiveFeeding:N,LogWetFrass,Caterpillars that are NOT fed actively,Amount of web frass in log scale,0.271469859
Caterpillars.csv,ActiveFeeding:N,LogWetFrass,Caterpillars that are NOT fed actively,Amount of web frass in log scale,-2.170117554
Caterpillars.csv,ActiveFeeding:N,LogWetFrass,Caterpillars that are NOT fed actively,Amount of web frass in log scale,-1.139661993
Caterpillars.csv,ActiveFeeding:N,LogWetFrass,Caterpillars that are NOT fed actively,Amount of web frass in log scale,0.257150382
Caterpillars.csv,ActiveFeeding:N,LogWetFrass,Caterpillars that are NOT fed actively,Amount of web frass in log scale,-3.124360063
Caterpillars.csv,ActiveFeeding:N,LogWetFrass,Caterpillars that are NOT fed actively,Amount of web frass in log scale,-2.066765871
Caterpillars.csv,ActiveFeeding:N,LogWetFrass,Caterpillars that are NOT fed actively,Amount of web frass in log scale,-1.645891561
Caterpillars.csv,ActiveFeeding:N,LogWetFrass,Caterpillars that are NOT fed actively,Amount of web frass in log scale,-0.872895202
Caterpillars.csv,ActiveFeeding:N,LogWetFrass,Caterpillars that are NOT fed actively,Amount of web frass in log scale,0.278296208
Caterpillars.csv,ActiveFeeding:N,LogWetFrass,Caterpillars that are NOT fed actively,Amount of web frass in log scale,-2.573488739
Caterpillars.csv,ActiveFeeding:N,LogWetFrass,Caterpillars that are NOT fed actively,Amount of web frass in log scale,-2.633203617
Caterpillars.csv,ActiveFeeding:N,LogWetFrass,Caterpillars that are NOT fed actively,Amount of web frass in log scale,-1.238824187
Caterpillars.csv,ActiveFeeding:N,LogWetFrass,Caterpillars that are NOT fed actively,Amount of web frass in log scale,0.216799062
Caterpillars.csv,ActiveFeeding:N,LogWetFrass,Caterpillars that are NOT fed actively,Amount of web frass in log scale,-3.207608311
Caterpillars.csv,ActiveFeeding:N,LogWetFrass,Caterpillars that are NOT fed actively,Amount of web frass in log scale,-2.900319359
Caterpillars.csv,ActiveFeeding:N,LogWetFrass,Caterpillars that are NOT fed actively,Amount of web frass in log scale,-1.907805879
Caterpillars.csv,ActiveFeeding:N,LogWetFrass,Caterpillars that are NOT fed actively,Amount of web frass in log scale,-1.459670525
Caterpillars.csv,ActiveFeeding:N,LogWetFrass,Caterpillars that are NOT fed actively,Amount of web frass in log scale,0.196756331
Caterpillars.csv,ActiveFeeding:N,LogWetFrass,Caterpillars that are NOT fed actively,Amount of web frass in log scale,-3.142064735
Caterpillars.csv,ActiveFeeding:N,LogWetFrass,Caterpillars that are NOT fed actively,Amount of web frass in log scale,-2.936291441
Caterpillars.csv,ActiveFeeding:N,LogWetFrass,Caterpillars that are NOT fed actively,Amount of web frass in log scale,-3.071604148
Caterpillars.csv,ActiveFeeding:N,LogWetFrass,Caterpillars that are NOT fed actively,Amount of web frass in log scale,-2.985479461
Caterpillars.csv,ActiveFeeding:N,LogWetFrass,Caterpillars that are NOT fed actively,Amount of web frass in log scale,-1.395773947
Caterpillars.csv,ActiveFeeding:N,LogWetFrass,Caterpillars that are NOT fed actively,Amount of web frass in log scale,0.317185508
Caterpillars.csv,ActiveFeeding:N,LogWetFrass,Caterpillars that are NOT fed actively,Amount of web frass in log scale,-2.773657913
Caterpillars.csv,ActiveFeeding:N,LogWetFrass,Caterpillars that are NOT fed actively,Amount of web frass in log scale,-1.804100348
Caterpillars.csv,ActiveFeeding:N,LogWetFrass,Caterpillars that are NOT fed actively,Amount of web frass in log scale,-1.09420412
Caterpillars.csv,ActiveFeeding:N,LogWetFrass,Caterpillars that are NOT fed actively,Amount of web frass in log scale,0.469424344
Caterpillars.csv,ActiveFeeding:N,LogWetFrass,Caterpillars that are NOT fed actively,Amount of web frass in log scale,-1.970616222
Caterpillars.csv,ActiveFeeding:N,LogWetFrass,Caterpillars that are NOT fed actively,Amount of web frass in log scale,-1.042392713
Caterpillars.csv,ActiveFeeding:N,LogWetFrass,Caterpillars that are NOT fed actively,Amount of web frass in log scale,0.395972548
Caterpillars.csv,ActiveFeeding:N,LogWetFrass,Caterpillars that are NOT fed actively,Amount of web frass in log scale,-2.231361899
Caterpillars.csv,ActiveFeeding:N,LogWetFrass,Caterpillars that are NOT fed actively,Amount of web frass in log scale,-2.356547324
Caterpillars.csv,ActiveFeeding:N,LogWetFrass,Caterpillars that are NOT fed actively,Amount of web frass in log scale,-1.238072162
Caterpillars.csv,ActiveFeeding:N,LogWetFrass,Caterpillars that are NOT fed actively,Amount of web frass in log scale,0.207391978
Caterpillars.csv,ActiveFeeding:N,LogWetFrass,Caterpillars that are NOT fed actively,Amount of web frass in log scale,-3.319664487
Caterpillars.csv,ActiveFeeding:N,LogWetFrass,Caterpillars that are NOT fed actively,Amount of web frass in log scale,-2.199282922
Caterpillars.csv,ActiveFeeding:N,LogWetFrass,Caterpillars that are NOT fed actively,Amount of web frass in log scale,-2.229147988
Caterpillars.csv,ActiveFeeding:N,LogWetFrass,Caterpillars that are NOT fed actively,Amount of web frass in log scale,-1.385102784
Caterpillars.csv,ActiveFeeding:N,LogWetFrass,Caterpillars that are NOT fed actively,Amount of web frass in log scale,0.15998805
Caterpillars.csv,ActiveFeeding:N,LogWetFrass,Caterpillars that are NOT fed actively,Amount of web frass in log scale,-3.510041521
Caterpillars.csv,ActiveFeeding:N,LogWetFrass,Caterpillars that are NOT fed actively,Amount of web frass in log scale,-2.701146924
Caterpillars.csv,ActiveFeeding:N,LogWetFrass,Caterpillars that are NOT fed actively,Amount of web frass in log scale,-1.512861625
Caterpillars.csv,ActiveFeeding:N,LogWetFrass,Caterpillars that are NOT fed actively,Amount of web frass in log scale,0.134909879
Caterpillars.csv,ActiveFeeding:N,LogWetFrass,Caterpillars that are NOT fed actively,Amount of web frass in log scale,-2.214314332
Caterpillars.csv,ActiveFeeding:N,LogWetFrass,Caterpillars that are NOT fed actively,Amount of web frass in log scale,-2.060480747
Caterpillars.csv,ActiveFeeding:N,LogWetFrass,Caterpillars that are NOT fed actively,Amount of web frass in log scale,-1.080921908
Caterpillars.csv,ActiveFeeding:N,LogWetFrass,Caterpillars that are NOT fed actively,Amount of web frass in log scale,0.007064656
Caterpillars.csv,ActiveFeeding:N,LogWetFrass,Caterpillars that are NOT fed actively,Amount of web frass in log scale,-3.010105436
Caterpillars.csv,ActiveFeeding:N,LogWetFrass,Caterpillars that are NOT fed actively,Amount of web frass in log scale,-1.806875402
Caterpillars.csv,ActiveFeeding:N,LogWetFrass,Caterpillars that are NOT fed actively,Amount of web frass in log scale,-1.49757288
Caterpillars.csv,ActiveFeeding:N,LogWetFrass,Caterpillars that are NOT fed actively,Amount of web frass in log scale,-1.127843727
Caterpillars.csv,ActiveFeeding:N,LogWetFrass,Caterpillars that are NOT fed actively,Amount of web frass in log scale,0.430042789
Caterpillars.csv,ActiveFeeding:N,LogWetFrass,Caterpillars that are NOT fed actively,Amount of web frass in log scale,-2.716925025
Caterpillars.csv,ActiveFeeding:N,LogWetFrass,Caterpillars that are NOT fed actively,Amount of web frass in log scale,-1.721246399
Caterpillars.csv,ActiveFeeding:N,LogWetFrass,Caterpillars that are NOT fed actively,Amount of web frass in log scale,-1.869666232
Caterpillars.csv,ActiveFeeding:N,LogWetFrass,Caterpillars that are NOT fed actively,Amount of web frass in log scale,0.223366126
