fileName,oldGroupName,oldAttributeName,newGroupName,newAttributeName,attributeValue
cities.csv,Country:China,Quality of public healthcare provision,Cities in China,Quality of public healthcare provision,3
cities.csv,Country:China,Quality of public healthcare provision,Cities in China,Quality of public healthcare provision,3
cities.csv,Country:China,Quality of public healthcare provision,Cities in China,Quality of public healthcare provision,2
cities.csv,Country:China,Quality of public healthcare provision,Cities in China,Quality of public healthcare provision,3
cities.csv,Country:China,Quality of public healthcare provision,Cities in China,Quality of public healthcare provision,3
cities.csv,Country:China,Quality of public healthcare provision,Cities in China,Quality of public healthcare provision,3
cities.csv,Country:China,Quality of public healthcare provision,Cities in China,Quality of public healthcare provision,2
cities.csv,Country:China,Quality of public healthcare provision,Cities in China,Quality of public healthcare provision,3
cities.csv,Country:Thailand,Quality of public healthcare provision,Cities in Thailand,Quality of public healthcare provision,3
