fileName,oldGroupName,oldAttributeName,newGroupName,newAttributeName,attributeValue
cities.csv,Continent:Africa,Availability of sporting facilities,Cities in Africa,Availability of sporting facilities,3
cities.csv,Continent:Africa,Availability of sporting facilities,Cities in Africa,Availability of sporting facilities,3
cities.csv,Continent:Africa,Availability of sporting facilities,Cities in Africa,Availability of sporting facilities,4
cities.csv,Continent:Africa,Availability of sporting facilities,Cities in Africa,Availability of sporting facilities,3
cities.csv,Continent:Africa,Availability of sporting facilities,Cities in Africa,Availability of sporting facilities,3
cities.csv,Continent:Africa,Availability of sporting facilities,Cities in Africa,Availability of sporting facilities,4
cities.csv,Continent:Africa,Availability of sporting facilities,Cities in Africa,Availability of sporting facilities,2
cities.csv,Continent:Africa,Availability of sporting facilities,Cities in Africa,Availability of sporting facilities,1
cities.csv,Continent:Africa,Availability of sporting facilities,Cities in Africa,Availability of sporting facilities,3
cities.csv,Continent:Africa,Availability of sporting facilities,Cities in Africa,Availability of sporting facilities,4
cities.csv,Continent:Africa,Availability of sporting facilities,Cities in Africa,Availability of sporting facilities,3
cities.csv,Continent:Africa,Availability of sporting facilities,Cities in Africa,Availability of sporting facilities,1
cities.csv,Continent:Africa,Availability of sporting facilities,Cities in Africa,Availability of sporting facilities,4
cities.csv,Continent:Africa,Availability of sporting facilities,Cities in Africa,Availability of sporting facilities,2
cities.csv,Continent:Asia,Availability of sporting facilities,Cities in Asia,Availability of sporting facilities,3
cities.csv,Continent:Asia,Availability of sporting facilities,Cities in Asia,Availability of sporting facilities,3
cities.csv,Continent:Asia,Availability of sporting facilities,Cities in Asia,Availability of sporting facilities,2
cities.csv,Continent:Asia,Availability of sporting facilities,Cities in Asia,Availability of sporting facilities,1
cities.csv,Continent:Asia,Availability of sporting facilities,Cities in Asia,Availability of sporting facilities,3
cities.csv,Continent:Asia,Availability of sporting facilities,Cities in Asia,Availability of sporting facilities,3
cities.csv,Continent:Asia,Availability of sporting facilities,Cities in Asia,Availability of sporting facilities,2
cities.csv,Continent:Asia,Availability of sporting facilities,Cities in Asia,Availability of sporting facilities,3
cities.csv,Continent:Asia,Availability of sporting facilities,Cities in Asia,Availability of sporting facilities,4
cities.csv,Continent:Asia,Availability of sporting facilities,Cities in Asia,Availability of sporting facilities,1
cities.csv,Continent:Asia,Availability of sporting facilities,Cities in Asia,Availability of sporting facilities,2
cities.csv,Continent:Asia,Availability of sporting facilities,Cities in Asia,Availability of sporting facilities,1
cities.csv,Continent:Asia,Availability of sporting facilities,Cities in Asia,Availability of sporting facilities,3
cities.csv,Continent:Asia,Availability of sporting facilities,Cities in Asia,Availability of sporting facilities,2
cities.csv,Continent:Asia,Availability of sporting facilities,Cities in Asia,Availability of sporting facilities,3
cities.csv,Continent:Asia,Availability of sporting facilities,Cities in Asia,Availability of sporting facilities,2
cities.csv,Continent:Asia,Availability of sporting facilities,Cities in Asia,Availability of sporting facilities,2
cities.csv,Continent:Asia,Availability of sporting facilities,Cities in Asia,Availability of sporting facilities,4
cities.csv,Continent:Asia,Availability of sporting facilities,Cities in Asia,Availability of sporting facilities,1
cities.csv,Continent:Asia,Availability of sporting facilities,Cities in Asia,Availability of sporting facilities,2
cities.csv,Continent:Asia,Availability of sporting facilities,Cities in Asia,Availability of sporting facilities,3
cities.csv,Continent:Asia,Availability of sporting facilities,Cities in Asia,Availability of sporting facilities,3
cities.csv,Continent:Asia,Availability of sporting facilities,Cities in Asia,Availability of sporting facilities,1
cities.csv,Continent:Asia,Availability of sporting facilities,Cities in Asia,Availability of sporting facilities,1
cities.csv,Continent:Asia,Availability of sporting facilities,Cities in Asia,Availability of sporting facilities,2
cities.csv,Continent:Asia,Availability of sporting facilities,Cities in Asia,Availability of sporting facilities,1
cities.csv,Continent:Asia,Availability of sporting facilities,Cities in Asia,Availability of sporting facilities,1
cities.csv,Continent:Asia,Availability of sporting facilities,Cities in Asia,Availability of sporting facilities,2
cities.csv,Continent:Asia,Availability of sporting facilities,Cities in Asia,Availability of sporting facilities,2
cities.csv,Continent:Asia,Availability of sporting facilities,Cities in Asia,Availability of sporting facilities,2
cities.csv,Continent:Asia,Availability of sporting facilities,Cities in Asia,Availability of sporting facilities,2
cities.csv,Continent:Asia,Availability of sporting facilities,Cities in Asia,Availability of sporting facilities,1
