fileName,oldGroupName,oldAttributeName,newGroupName,newAttributeName,attributeValue
cities.csv,Continent:Africa,Quality of Electricity provision,Cities in Africa,Quality of Electricity provision,2
cities.csv,Continent:Africa,Quality of Electricity provision,Cities in Africa,Quality of Electricity provision,3
cities.csv,Continent:Africa,Quality of Electricity provision,Cities in Africa,Quality of Electricity provision,2
cities.csv,Continent:Africa,Quality of Electricity provision,Cities in Africa,Quality of Electricity provision,2
cities.csv,Continent:Africa,Quality of Electricity provision,Cities in Africa,Quality of Electricity provision,4
cities.csv,Continent:Africa,Quality of Electricity provision,Cities in Africa,Quality of Electricity provision,2
cities.csv,Continent:Africa,Quality of Electricity provision,Cities in Africa,Quality of Electricity provision,4
cities.csv,Continent:Africa,Quality of Electricity provision,Cities in Africa,Quality of Electricity provision,3
cities.csv,Continent:Africa,Quality of Electricity provision,Cities in Africa,Quality of Electricity provision,3
cities.csv,Continent:Africa,Quality of Electricity provision,Cities in Africa,Quality of Electricity provision,3
cities.csv,Continent:Africa,Quality of Electricity provision,Cities in Africa,Quality of Electricity provision,3
cities.csv,Continent:Africa,Quality of Electricity provision,Cities in Africa,Quality of Electricity provision,2
cities.csv,Continent:Africa,Quality of Electricity provision,Cities in Africa,Quality of Electricity provision,3
cities.csv,Continent:Africa,Quality of Electricity provision,Cities in Africa,Quality of Electricity provision,2
cities.csv,Country:USA,Quality of Electricity provision,Cities in USA,Quality of Electricity provision,1
cities.csv,Country:USA,Quality of Electricity provision,Cities in USA,Quality of Electricity provision,1
cities.csv,Country:USA,Quality of Electricity provision,Cities in USA,Quality of Electricity provision,1
cities.csv,Country:USA,Quality of Electricity provision,Cities in USA,Quality of Electricity provision,1
cities.csv,Country:USA,Quality of Electricity provision,Cities in USA,Quality of Electricity provision,1
cities.csv,Country:USA,Quality of Electricity provision,Cities in USA,Quality of Electricity provision,1
cities.csv,Country:USA,Quality of Electricity provision,Cities in USA,Quality of Electricity provision,1
cities.csv,Country:USA,Quality of Electricity provision,Cities in USA,Quality of Electricity provision,1
cities.csv,Country:USA,Quality of Electricity provision,Cities in USA,Quality of Electricity provision,1
cities.csv,Country:USA,Quality of Electricity provision,Cities in USA,Quality of Electricity provision,1
cities.csv,Country:USA,Quality of Electricity provision,Cities in USA,Quality of Electricity provision,1
cities.csv,Country:USA,Quality of Electricity provision,Cities in USA,Quality of Electricity provision,1
cities.csv,Country:USA,Quality of Electricity provision,Cities in USA,Quality of Electricity provision,1
cities.csv,Country:USA,Quality of Electricity provision,Cities in USA,Quality of Electricity provision,1
cities.csv,Country:USA,Quality of Electricity provision,Cities in USA,Quality of Electricity provision,2
cities.csv,Country:USA,Quality of Electricity provision,Cities in USA,Quality of Electricity provision,2
cities.csv,Country:USA,Quality of Electricity provision,Cities in USA,Quality of Electricity provision,1
cities.csv,Country:USA,Quality of Electricity provision,Cities in USA,Quality of Electricity provision,1
