fileName,oldGroupName,oldAttributeName,newGroupName,newAttributeName,attributeValue
cities.csv,Continent:Africa,Quality of private healthcare provision,Cities in Africa,Quality of private healthcare provision,2
cities.csv,Continent:Africa,Quality of private healthcare provision,Cities in Africa,Quality of private healthcare provision,3
cities.csv,Continent:Africa,Quality of private healthcare provision,Cities in Africa,Quality of private healthcare provision,3
cities.csv,Continent:Africa,Quality of private healthcare provision,Cities in Africa,Quality of private healthcare provision,3
cities.csv,Continent:Africa,Quality of private healthcare provision,Cities in Africa,Quality of private healthcare provision,2
cities.csv,Continent:Africa,Quality of private healthcare provision,Cities in Africa,Quality of private healthcare provision,3
cities.csv,Continent:Africa,Quality of private healthcare provision,Cities in Africa,Quality of private healthcare provision,4
cities.csv,Continent:Africa,Quality of private healthcare provision,Cities in Africa,Quality of private healthcare provision,1
cities.csv,Continent:Africa,Quality of private healthcare provision,Cities in Africa,Quality of private healthcare provision,4
cities.csv,Continent:Africa,Quality of private healthcare provision,Cities in Africa,Quality of private healthcare provision,3
cities.csv,Continent:Africa,Quality of private healthcare provision,Cities in Africa,Quality of private healthcare provision,2
cities.csv,Continent:Africa,Quality of private healthcare provision,Cities in Africa,Quality of private healthcare provision,1
cities.csv,Continent:Africa,Quality of private healthcare provision,Cities in Africa,Quality of private healthcare provision,3
cities.csv,Continent:Africa,Quality of private healthcare provision,Cities in Africa,Quality of private healthcare provision,2
cities.csv,Country:USA,Quality of private healthcare provision,Cities in USA,Quality of private healthcare provision,1
cities.csv,Country:USA,Quality of private healthcare provision,Cities in USA,Quality of private healthcare provision,1
cities.csv,Country:USA,Quality of private healthcare provision,Cities in USA,Quality of private healthcare provision,1
cities.csv,Country:USA,Quality of private healthcare provision,Cities in USA,Quality of private healthcare provision,1
cities.csv,Country:USA,Quality of private healthcare provision,Cities in USA,Quality of private healthcare provision,1
cities.csv,Country:USA,Quality of private healthcare provision,Cities in USA,Quality of private healthcare provision,1
cities.csv,Country:USA,Quality of private healthcare provision,Cities in USA,Quality of private healthcare provision,1
cities.csv,Country:USA,Quality of private healthcare provision,Cities in USA,Quality of private healthcare provision,1
cities.csv,Country:USA,Quality of private healthcare provision,Cities in USA,Quality of private healthcare provision,1
cities.csv,Country:USA,Quality of private healthcare provision,Cities in USA,Quality of private healthcare provision,1
cities.csv,Country:USA,Quality of private healthcare provision,Cities in USA,Quality of private healthcare provision,1
cities.csv,Country:USA,Quality of private healthcare provision,Cities in USA,Quality of private healthcare provision,1
cities.csv,Country:USA,Quality of private healthcare provision,Cities in USA,Quality of private healthcare provision,1
cities.csv,Country:USA,Quality of private healthcare provision,Cities in USA,Quality of private healthcare provision,1
cities.csv,Country:USA,Quality of private healthcare provision,Cities in USA,Quality of private healthcare provision,2
cities.csv,Country:USA,Quality of private healthcare provision,Cities in USA,Quality of private healthcare provision,1
cities.csv,Country:USA,Quality of private healthcare provision,Cities in USA,Quality of private healthcare provision,1
cities.csv,Country:USA,Quality of private healthcare provision,Cities in USA,Quality of private healthcare provision,1
