fileName,oldGroupName,oldAttributeName,newGroupName,newAttributeName,attributeValue
colleges.csv,Locale:Small City,Median Debt,Colleges in small cities,Median debt,24930.5
colleges.csv,Locale:Small City,Median Debt,Colleges in small cities,Median debt,24500
colleges.csv,Locale:Small City,Median Debt,Colleges in small cities,Median debt,24562.5
colleges.csv,Locale:Small City,Median Debt,Colleges in small cities,Median debt,22500
colleges.csv,Locale:Small City,Median Debt,Colleges in small cities,Median debt,23000
colleges.csv,Locale:Small City,Median Debt,Colleges in small cities,Median debt,19500
colleges.csv,Locale:Small City,Median Debt,Colleges in small cities,Median debt,11773
colleges.csv,Locale:Small City,Median Debt,Colleges in small cities,Median debt,13300
colleges.csv,Locale:Small City,Median Debt,Colleges in small cities,Median debt,18250
colleges.csv,Locale:Small City,Median Debt,Colleges in small cities,Median debt,25000
colleges.csv,Locale:Small City,Median Debt,Colleges in small cities,Median debt,23000
colleges.csv,Locale:Small City,Median Debt,Colleges in small cities,Median debt,18686
colleges.csv,Locale:Small City,Median Debt,Colleges in small cities,Median debt,16425
colleges.csv,Locale:Small City,Median Debt,Colleges in small cities,Median debt,23231.5
colleges.csv,Locale:Small City,Median Debt,Colleges in small cities,Median debt,26000
colleges.csv,Locale:Small City,Median Debt,Colleges in small cities,Median debt,18275
colleges.csv,Locale:Small City,Median Debt,Colleges in small cities,Median debt,18750
colleges.csv,Locale:Small City,Median Debt,Colleges in small cities,Median debt,18750
colleges.csv,Locale:Small City,Median Debt,Colleges in small cities,Median debt,19000
colleges.csv,Locale:Small City,Median Debt,Colleges in small cities,Median debt,26000
colleges.csv,Locale:Small City,Median Debt,Colleges in small cities,Median debt,18638
colleges.csv,Locale:Small City,Median Debt,Colleges in small cities,Median debt,14889.5
colleges.csv,Locale:Small City,Median Debt,Colleges in small cities,Median debt,14191
colleges.csv,Locale:Small City,Median Debt,Colleges in small cities,Median debt,19500
colleges.csv,Locale:Small City,Median Debt,Colleges in small cities,Median debt,21500
colleges.csv,Locale:Small City,Median Debt,Colleges in small cities,Median debt,15750
colleges.csv,Locale:Small City,Median Debt,Colleges in small cities,Median debt,14750
colleges.csv,Locale:Small City,Median Debt,Colleges in small cities,Median debt,11250
colleges.csv,Locale:Small City,Median Debt,Colleges in small cities,Median debt,20712.5
colleges.csv,Locale:Small City,Median Debt,Colleges in small cities,Median debt,11500
colleges.csv,Locale:Small City,Median Debt,Colleges in small cities,Median debt,15000
colleges.csv,Locale:Small City,Median Debt,Colleges in small cities,Median debt,19545
colleges.csv,Locale:Small City,Median Debt,Colleges in small cities,Median debt,25222
colleges.csv,Locale:Small City,Median Debt,Colleges in small cities,Median debt,18500
colleges.csv,Locale:Small City,Median Debt,Colleges in small cities,Median debt,16750
colleges.csv,Locale:Small City,Median Debt,Colleges in small cities,Median debt,14250
colleges.csv,Locale:Small City,Median Debt,Colleges in small cities,Median debt,14926
colleges.csv,Locale:Small City,Median Debt,Colleges in small cities,Median debt,21500
colleges.csv,Locale:Small City,Median Debt,Colleges in small cities,Median debt,16500
colleges.csv,Locale:Small City,Median Debt,Colleges in small cities,Median debt,16500
colleges.csv,Locale:Small City,Median Debt,Colleges in small cities,Median debt,27332
colleges.csv,Locale:Small City,Median Debt,Colleges in small cities,Median debt,12500
colleges.csv,Locale:Small City,Median Debt,Colleges in small cities,Median debt,8509
colleges.csv,Locale:Small City,Median Debt,Colleges in small cities,Median debt,18375
colleges.csv,Locale:Small City,Median Debt,Colleges in small cities,Median debt,15522.5
colleges.csv,Locale:Small City,Median Debt,Colleges in small cities,Median debt,20500
colleges.csv,Locale:Small City,Median Debt,Colleges in small cities,Median debt,23000
colleges.csv,Locale:Small City,Median Debt,Colleges in small cities,Median debt,19500
colleges.csv,Locale:Small City,Median Debt,Colleges in small cities,Median debt,19957
colleges.csv,Locale:Small City,Median Debt,Colleges in small cities,Median debt,19500
colleges.csv,Locale:Small City,Median Debt,Colleges in small cities,Median debt,19500
colleges.csv,Locale:Small City,Median Debt,Colleges in small cities,Median debt,22375
colleges.csv,Locale:Small City,Median Debt,Colleges in small cities,Median debt,25000
colleges.csv,Locale:Small City,Median Debt,Colleges in small cities,Median debt,21329
colleges.csv,Locale:Small City,Median Debt,Colleges in small cities,Median debt,25000
colleges.csv,Locale:Small City,Median Debt,Colleges in small cities,Median debt,11726.5
colleges.csv,Locale:Small City,Median Debt,Colleges in small cities,Median debt,19500
colleges.csv,Locale:Small City,Median Debt,Colleges in small cities,Median debt,12050
colleges.csv,Locale:Small City,Median Debt,Colleges in small cities,Median debt,14950
colleges.csv,Locale:Small City,Median Debt,Colleges in small cities,Median debt,7250
colleges.csv,Locale:Small City,Median Debt,Colleges in small cities,Median debt,7250
colleges.csv,Locale:Small City,Median Debt,Colleges in small cities,Median debt,7250
colleges.csv,Locale:Small City,Median Debt,Colleges in small cities,Median debt,19750
colleges.csv,Locale:Small City,Median Debt,Colleges in small cities,Median debt,16500
colleges.csv,Locale:Small City,Median Debt,Colleges in small cities,Median debt,18500
colleges.csv,Locale:Small City,Median Debt,Colleges in small cities,Median debt,24000
colleges.csv,Locale:Small City,Median Debt,Colleges in small cities,Median debt,17000
colleges.csv,Locale:Small City,Median Debt,Colleges in small cities,Median debt,17910
colleges.csv,Locale:Small City,Median Debt,Colleges in small cities,Median debt,22250
colleges.csv,Locale:Small City,Median Debt,Colleges in small cities,Median debt,16018
colleges.csv,Locale:Small City,Median Debt,Colleges in small cities,Median debt,23000
colleges.csv,Locale:Small City,Median Debt,Colleges in small cities,Median debt,21500
colleges.csv,Locale:Small City,Median Debt,Colleges in small cities,Median debt,27000
colleges.csv,Locale:Small City,Median Debt,Colleges in small cities,Median debt,17686.5
colleges.csv,Locale:Small City,Median Debt,Colleges in small cities,Median debt,22500
colleges.csv,Locale:Small City,Median Debt,Colleges in small cities,Median debt,17714
colleges.csv,Locale:Small City,Median Debt,Colleges in small cities,Median debt,23250
colleges.csv,Locale:Small City,Median Debt,Colleges in small cities,Median debt,12500
colleges.csv,Locale:Small City,Median Debt,Colleges in small cities,Median debt,12612
colleges.csv,Locale:Small City,Median Debt,Colleges in small cities,Median debt,20500
colleges.csv,Locale:Small City,Median Debt,Colleges in small cities,Median debt,24225
colleges.csv,Locale:Small City,Median Debt,Colleges in small cities,Median debt,27000
colleges.csv,Locale:Small City,Median Debt,Colleges in small cities,Median debt,21500
colleges.csv,Locale:Small City,Median Debt,Colleges in small cities,Median debt,13000
colleges.csv,Locale:Small City,Median Debt,Colleges in small cities,Median debt,21733
colleges.csv,Locale:Small City,Median Debt,Colleges in small cities,Median debt,19549
colleges.csv,Locale:Small City,Median Debt,Colleges in small cities,Median debt,21500
colleges.csv,Locale:Small City,Median Debt,Colleges in small cities,Median debt,14726.5
colleges.csv,Locale:Small City,Median Debt,Colleges in small cities,Median debt,18750
colleges.csv,Locale:Small City,Median Debt,Colleges in small cities,Median debt,23250
colleges.csv,Locale:Small City,Median Debt,Colleges in small cities,Median debt,12806
colleges.csv,Locale:Small City,Median Debt,Colleges in small cities,Median debt,21500
colleges.csv,Locale:Small City,Median Debt,Colleges in small cities,Median debt,22734
colleges.csv,Locale:Small City,Median Debt,Colleges in small cities,Median debt,8000
colleges.csv,Locale:Small City,Median Debt,Colleges in small cities,Median debt,22000
colleges.csv,Locale:Small City,Median Debt,Colleges in small cities,Median debt,15116
colleges.csv,Locale:Small City,Median Debt,Colleges in small cities,Median debt,11500
colleges.csv,Locale:Small City,Median Debt,Colleges in small cities,Median debt,24250
colleges.csv,Locale:Small City,Median Debt,Colleges in small cities,Median debt,19932
colleges.csv,Locale:Small City,Median Debt,Colleges in small cities,Median debt,19000
colleges.csv,Locale:Small City,Median Debt,Colleges in small cities,Median debt,11555
colleges.csv,Locale:Small City,Median Debt,Colleges in small cities,Median debt,13514
colleges.csv,Locale:Small City,Median Debt,Colleges in small cities,Median debt,15000
colleges.csv,Locale:Small City,Median Debt,Colleges in small cities,Median debt,18234
colleges.csv,Locale:Small City,Median Debt,Colleges in small cities,Median debt,18750
colleges.csv,Locale:Small City,Median Debt,Colleges in small cities,Median debt,16846
colleges.csv,Locale:Small City,Median Debt,Colleges in small cities,Median debt,21500
colleges.csv,Locale:Small City,Median Debt,Colleges in small cities,Median debt,21500
colleges.csv,Locale:Small City,Median Debt,Colleges in small cities,Median debt,7500
colleges.csv,Locale:Small City,Median Debt,Colleges in small cities,Median debt,15000
colleges.csv,Locale:Small City,Median Debt,Colleges in small cities,Median debt,27000
colleges.csv,Locale:Small City,Median Debt,Colleges in small cities,Median debt,27000
colleges.csv,Locale:Small City,Median Debt,Colleges in small cities,Median debt,21000
colleges.csv,Locale:Small City,Median Debt,Colleges in small cities,Median debt,26000
colleges.csv,Locale:Small City,Median Debt,Colleges in small cities,Median debt,19500
colleges.csv,Locale:Small City,Median Debt,Colleges in small cities,Median debt,19500
colleges.csv,Locale:Small City,Median Debt,Colleges in small cities,Median debt,15348
colleges.csv,Locale:Small City,Median Debt,Colleges in small cities,Median debt,20000
colleges.csv,Locale:Small City,Median Debt,Colleges in small cities,Median debt,25250
colleges.csv,Locale:Small City,Median Debt,Colleges in small cities,Median debt,16666
colleges.csv,Locale:Small City,Median Debt,Colleges in small cities,Median debt,14875
colleges.csv,Locale:Small City,Median Debt,Colleges in small cities,Median debt,14000
colleges.csv,Locale:Small City,Median Debt,Colleges in small cities,Median debt,11670
colleges.csv,Locale:Small City,Median Debt,Colleges in small cities,Median debt,14250
colleges.csv,Locale:Small City,Median Debt,Colleges in small cities,Median debt,15245
colleges.csv,Locale:Small City,Median Debt,Colleges in small cities,Median debt,14750
colleges.csv,Locale:Small City,Median Debt,Colleges in small cities,Median debt,16750
colleges.csv,Locale:Small City,Median Debt,Colleges in small cities,Median debt,16566.5
colleges.csv,Locale:Small City,Median Debt,Colleges in small cities,Median debt,19808.5
colleges.csv,Locale:Small City,Median Debt,Colleges in small cities,Median debt,19310.5
colleges.csv,Locale:Small City,Median Debt,Colleges in small cities,Median debt,17750
colleges.csv,Locale:Small City,Median Debt,Colleges in small cities,Median debt,17750
colleges.csv,Locale:Small City,Median Debt,Colleges in small cities,Median debt,15259.5
colleges.csv,Locale:Small City,Median Debt,Colleges in small cities,Median debt,13000
colleges.csv,Locale:Small City,Median Debt,Colleges in small cities,Median debt,9621
colleges.csv,Locale:Small City,Median Debt,Colleges in small cities,Median debt,12500
colleges.csv,Locale:Small City,Median Debt,Colleges in small cities,Median debt,15750
colleges.csv,Locale:Small City,Median Debt,Colleges in small cities,Median debt,24334
colleges.csv,Locale:Small City,Median Debt,Colleges in small cities,Median debt,20750
colleges.csv,Locale:Small City,Median Debt,Colleges in small cities,Median debt,14990
colleges.csv,Locale:Small City,Median Debt,Colleges in small cities,Median debt,13698.5
colleges.csv,Locale:Small City,Median Debt,Colleges in small cities,Median debt,8240
colleges.csv,Locale:Small City,Median Debt,Colleges in small cities,Median debt,16500
colleges.csv,Locale:Small City,Median Debt,Colleges in small cities,Median debt,11864
colleges.csv,Locale:Small City,Median Debt,Colleges in small cities,Median debt,10250
colleges.csv,Locale:Small City,Median Debt,Colleges in small cities,Median debt,15000
colleges.csv,Locale:Small City,Median Debt,Colleges in small cities,Median debt,17114
colleges.csv,Locale:Small City,Median Debt,Colleges in small cities,Median debt,13554
colleges.csv,Locale:Small City,Median Debt,Colleges in small cities,Median debt,19399
colleges.csv,Locale:Small City,Median Debt,Colleges in small cities,Median debt,18692.5
colleges.csv,Locale:Small City,Median Debt,Colleges in small cities,Median debt,14799
colleges.csv,Locale:Small City,Median Debt,Colleges in small cities,Median debt,12708
colleges.csv,Locale:Small City,Median Debt,Colleges in small cities,Median debt,18750
colleges.csv,Locale:Small City,Median Debt,Colleges in small cities,Median debt,18925
colleges.csv,Locale:Small City,Median Debt,Colleges in small cities,Median debt,12542
colleges.csv,Locale:Small City,Median Debt,Colleges in small cities,Median debt,15772.5
colleges.csv,Locale:Small City,Median Debt,Colleges in small cities,Median debt,15000
colleges.csv,Locale:Small City,Median Debt,Colleges in small cities,Median debt,16728
colleges.csv,Locale:Small City,Median Debt,Colleges in small cities,Median debt,14250
colleges.csv,Locale:Small City,Median Debt,Colleges in small cities,Median debt,18500
colleges.csv,Locale:Small City,Median Debt,Colleges in small cities,Median debt,4500
colleges.csv,Locale:Small City,Median Debt,Colleges in small cities,Median debt,5500
colleges.csv,Locale:Small City,Median Debt,Colleges in small cities,Median debt,24000
colleges.csv,Locale:Small City,Median Debt,Colleges in small cities,Median debt,26442
colleges.csv,Locale:Small City,Median Debt,Colleges in small cities,Median debt,17000
colleges.csv,Locale:Small City,Median Debt,Colleges in small cities,Median debt,16600
colleges.csv,Locale:Small City,Median Debt,Colleges in small cities,Median debt,18878
colleges.csv,Locale:Small City,Median Debt,Colleges in small cities,Median debt,17746
colleges.csv,Locale:Small City,Median Debt,Colleges in small cities,Median debt,17823.5
colleges.csv,Locale:Small City,Median Debt,Colleges in small cities,Median debt,18428.5
colleges.csv,Locale:Small City,Median Debt,Colleges in small cities,Median debt,16852
colleges.csv,Locale:Small City,Median Debt,Colleges in small cities,Median debt,8750
colleges.csv,Locale:Small City,Median Debt,Colleges in small cities,Median debt,18000
colleges.csv,Locale:Small City,Median Debt,Colleges in small cities,Median debt,16000
colleges.csv,Locale:Small City,Median Debt,Colleges in small cities,Median debt,21500
colleges.csv,Locale:Small City,Median Debt,Colleges in small cities,Median debt,21500
colleges.csv,Locale:Small City,Median Debt,Colleges in small cities,Median debt,14250
colleges.csv,Locale:Small City,Median Debt,Colleges in small cities,Median debt,17625
colleges.csv,Locale:Small City,Median Debt,Colleges in small cities,Median debt,14625
colleges.csv,Locale:Small City,Median Debt,Colleges in small cities,Median debt,17050
colleges.csv,Locale:Small City,Median Debt,Colleges in small cities,Median debt,15000
colleges.csv,Locale:Small City,Median Debt,Colleges in small cities,Median debt,20875
colleges.csv,Locale:Small City,Median Debt,Colleges in small cities,Median debt,15500
colleges.csv,Locale:Small City,Median Debt,Colleges in small cities,Median debt,16625
colleges.csv,Locale:Small City,Median Debt,Colleges in small cities,Median debt,14600
colleges.csv,Locale:Small City,Median Debt,Colleges in small cities,Median debt,20255.5
colleges.csv,Locale:Small City,Median Debt,Colleges in small cities,Median debt,18375
colleges.csv,Locale:Small City,Median Debt,Colleges in small cities,Median debt,19976
colleges.csv,Locale:Small City,Median Debt,Colleges in small cities,Median debt,21758
colleges.csv,Locale:Small City,Median Debt,Colleges in small cities,Median debt,19500
colleges.csv,Locale:Fringe Town,Median Debt,Colleges in fringe towns,Median debt,22500
colleges.csv,Locale:Fringe Town,Median Debt,Colleges in fringe towns,Median debt,23000
colleges.csv,Locale:Fringe Town,Median Debt,Colleges in fringe towns,Median debt,20325
colleges.csv,Locale:Fringe Town,Median Debt,Colleges in fringe towns,Median debt,21500
colleges.csv,Locale:Fringe Town,Median Debt,Colleges in fringe towns,Median debt,21353
colleges.csv,Locale:Fringe Town,Median Debt,Colleges in fringe towns,Median debt,20476
colleges.csv,Locale:Fringe Town,Median Debt,Colleges in fringe towns,Median debt,21500
colleges.csv,Locale:Fringe Town,Median Debt,Colleges in fringe towns,Median debt,18000
colleges.csv,Locale:Fringe Town,Median Debt,Colleges in fringe towns,Median debt,17500
colleges.csv,Locale:Fringe Town,Median Debt,Colleges in fringe towns,Median debt,5780
colleges.csv,Locale:Fringe Town,Median Debt,Colleges in fringe towns,Median debt,17000
colleges.csv,Locale:Fringe Town,Median Debt,Colleges in fringe towns,Median debt,15250
colleges.csv,Locale:Fringe Town,Median Debt,Colleges in fringe towns,Median debt,19500
colleges.csv,Locale:Fringe Town,Median Debt,Colleges in fringe towns,Median debt,25015
colleges.csv,Locale:Fringe Town,Median Debt,Colleges in fringe towns,Median debt,17259
colleges.csv,Locale:Fringe Town,Median Debt,Colleges in fringe towns,Median debt,17500
colleges.csv,Locale:Fringe Town,Median Debt,Colleges in fringe towns,Median debt,15265
colleges.csv,Locale:Fringe Town,Median Debt,Colleges in fringe towns,Median debt,18750
colleges.csv,Locale:Fringe Town,Median Debt,Colleges in fringe towns,Median debt,19000
colleges.csv,Locale:Fringe Town,Median Debt,Colleges in fringe towns,Median debt,18750
colleges.csv,Locale:Fringe Town,Median Debt,Colleges in fringe towns,Median debt,21445
colleges.csv,Locale:Fringe Town,Median Debt,Colleges in fringe towns,Median debt,26000
colleges.csv,Locale:Fringe Town,Median Debt,Colleges in fringe towns,Median debt,21333.5
colleges.csv,Locale:Fringe Town,Median Debt,Colleges in fringe towns,Median debt,18750
colleges.csv,Locale:Fringe Town,Median Debt,Colleges in fringe towns,Median debt,20000
colleges.csv,Locale:Fringe Town,Median Debt,Colleges in fringe towns,Median debt,22353
colleges.csv,Locale:Fringe Town,Median Debt,Colleges in fringe towns,Median debt,18499
colleges.csv,Locale:Fringe Town,Median Debt,Colleges in fringe towns,Median debt,16766.5
colleges.csv,Locale:Fringe Town,Median Debt,Colleges in fringe towns,Median debt,18845
colleges.csv,Locale:Fringe Town,Median Debt,Colleges in fringe towns,Median debt,19500
colleges.csv,Locale:Fringe Town,Median Debt,Colleges in fringe towns,Median debt,23250
colleges.csv,Locale:Fringe Town,Median Debt,Colleges in fringe towns,Median debt,25000
colleges.csv,Locale:Fringe Town,Median Debt,Colleges in fringe towns,Median debt,8250
colleges.csv,Locale:Fringe Town,Median Debt,Colleges in fringe towns,Median debt,26123
colleges.csv,Locale:Fringe Town,Median Debt,Colleges in fringe towns,Median debt,14000
colleges.csv,Locale:Fringe Town,Median Debt,Colleges in fringe towns,Median debt,18000
colleges.csv,Locale:Fringe Town,Median Debt,Colleges in fringe towns,Median debt,22500
colleges.csv,Locale:Fringe Town,Median Debt,Colleges in fringe towns,Median debt,17750
colleges.csv,Locale:Fringe Town,Median Debt,Colleges in fringe towns,Median debt,17750
colleges.csv,Locale:Fringe Town,Median Debt,Colleges in fringe towns,Median debt,20500
colleges.csv,Locale:Fringe Town,Median Debt,Colleges in fringe towns,Median debt,18071
colleges.csv,Locale:Fringe Town,Median Debt,Colleges in fringe towns,Median debt,23557.5
colleges.csv,Locale:Fringe Town,Median Debt,Colleges in fringe towns,Median debt,7500
colleges.csv,Locale:Fringe Town,Median Debt,Colleges in fringe towns,Median debt,11000
colleges.csv,Locale:Fringe Town,Median Debt,Colleges in fringe towns,Median debt,14250
colleges.csv,Locale:Fringe Town,Median Debt,Colleges in fringe towns,Median debt,13573
colleges.csv,Locale:Fringe Town,Median Debt,Colleges in fringe towns,Median debt,17500
colleges.csv,Locale:Fringe Town,Median Debt,Colleges in fringe towns,Median debt,26000
colleges.csv,Locale:Fringe Town,Median Debt,Colleges in fringe towns,Median debt,11248
