fileName,oldGroupName,oldAttributeName,newGroupName,newAttributeName,attributeValue
frogs.csv,meanmin:low,meanmax,Areas with low Spring temperature,Mean maximum Spring temperature,13.1666666666667
frogs.csv,meanmin:low,meanmax,Areas with low Spring temperature,Mean maximum Spring temperature,13.1666666666667
frogs.csv,meanmin:low,meanmax,Areas with low Spring temperature,Mean maximum Spring temperature,13.1666666666667
frogs.csv,meanmin:low,meanmax,Areas with low Spring temperature,Mean maximum Spring temperature,13.2
frogs.csv,meanmin:low,meanmax,Areas with low Spring temperature,Mean maximum Spring temperature,13.2
frogs.csv,meanmin:low,meanmax,Areas with low Spring temperature,Mean maximum Spring temperature,13.0333333333333
frogs.csv,meanmin:low,meanmax,Areas with low Spring temperature,Mean maximum Spring temperature,13.1666666666667
frogs.csv,meanmin:low,meanmax,Areas with low Spring temperature,Mean maximum Spring temperature,13.3
frogs.csv,meanmin:low,meanmax,Areas with low Spring temperature,Mean maximum Spring temperature,13.1666666666667
frogs.csv,meanmin:low,meanmax,Areas with low Spring temperature,Mean maximum Spring temperature,12.4333333333333
frogs.csv,meanmin:low,meanmax,Areas with low Spring temperature,Mean maximum Spring temperature,13.1333333333333
frogs.csv,meanmin:low,meanmax,Areas with low Spring temperature,Mean maximum Spring temperature,13.1333333333333
frogs.csv,meanmin:low,meanmax,Areas with low Spring temperature,Mean maximum Spring temperature,13.1666666666667
frogs.csv,meanmin:low,meanmax,Areas with low Spring temperature,Mean maximum Spring temperature,12.4666666666667
frogs.csv,meanmin:low,meanmax,Areas with low Spring temperature,Mean maximum Spring temperature,12.5
frogs.csv,meanmin:low,meanmax,Areas with low Spring temperature,Mean maximum Spring temperature,12.6666666666667
frogs.csv,meanmin:low,meanmax,Areas with low Spring temperature,Mean maximum Spring temperature,12.9333333333333
frogs.csv,meanmin:low,meanmax,Areas with low Spring temperature,Mean maximum Spring temperature,13.1333333333333
frogs.csv,meanmin:low,meanmax,Areas with low Spring temperature,Mean maximum Spring temperature,12.5333333333333
frogs.csv,meanmin:low,meanmax,Areas with low Spring temperature,Mean maximum Spring temperature,12.7
frogs.csv,meanmin:low,meanmax,Areas with low Spring temperature,Mean maximum Spring temperature,13.1666666666667
frogs.csv,meanmin:low,meanmax,Areas with low Spring temperature,Mean maximum Spring temperature,13
frogs.csv,meanmin:low,meanmax,Areas with low Spring temperature,Mean maximum Spring temperature,13
frogs.csv,meanmin:low,meanmax,Areas with low Spring temperature,Mean maximum Spring temperature,13.2666666666667
frogs.csv,meanmin:low,meanmax,Areas with low Spring temperature,Mean maximum Spring temperature,13.2666666666667
frogs.csv,meanmin:low,meanmax,Areas with low Spring temperature,Mean maximum Spring temperature,13.4666666666667
frogs.csv,meanmin:low,meanmax,Areas with low Spring temperature,Mean maximum Spring temperature,12.7333333333333
frogs.csv,meanmin:low,meanmax,Areas with low Spring temperature,Mean maximum Spring temperature,13.3333333333333
frogs.csv,meanmin:low,meanmax,Areas with low Spring temperature,Mean maximum Spring temperature,12.9
frogs.csv,meanmin:low,meanmax,Areas with low Spring temperature,Mean maximum Spring temperature,12.7333333333333
frogs.csv,meanmin:low,meanmax,Areas with low Spring temperature,Mean maximum Spring temperature,12.3666666666667
frogs.csv,meanmin:low,meanmax,Areas with low Spring temperature,Mean maximum Spring temperature,12.8
frogs.csv,meanmin:low,meanmax,Areas with low Spring temperature,Mean maximum Spring temperature,12.0666666666667
frogs.csv,meanmin:low,meanmax,Areas with low Spring temperature,Mean maximum Spring temperature,12.9333333333333
frogs.csv,meanmin:low,meanmax,Areas with low Spring temperature,Mean maximum Spring temperature,12.8333333333333
frogs.csv,meanmin:low,meanmax,Areas with low Spring temperature,Mean maximum Spring temperature,12.7
frogs.csv,meanmin:low,meanmax,Areas with low Spring temperature,Mean maximum Spring temperature,12.8666666666667
frogs.csv,meanmin:low,meanmax,Areas with low Spring temperature,Mean maximum Spring temperature,12.8666666666667
frogs.csv,meanmin:low,meanmax,Areas with low Spring temperature,Mean maximum Spring temperature,12.9666666666667
frogs.csv,meanmin:low,meanmax,Areas with low Spring temperature,Mean maximum Spring temperature,12.9666666666667
frogs.csv,meanmin:low,meanmax,Areas with low Spring temperature,Mean maximum Spring temperature,13.2
frogs.csv,meanmin:low,meanmax,Areas with low Spring temperature,Mean maximum Spring temperature,13.3333333333333
frogs.csv,meanmin:low,meanmax,Areas with low Spring temperature,Mean maximum Spring temperature,13.5
frogs.csv,meanmin:low,meanmax,Areas with low Spring temperature,Mean maximum Spring temperature,14.1
frogs.csv,meanmin:low,meanmax,Areas with low Spring temperature,Mean maximum Spring temperature,14
frogs.csv,meanmin:low,meanmax,Areas with low Spring temperature,Mean maximum Spring temperature,14.1
frogs.csv,meanmin:low,meanmax,Areas with low Spring temperature,Mean maximum Spring temperature,12.4333333333333
frogs.csv,meanmin:low,meanmax,Areas with low Spring temperature,Mean maximum Spring temperature,12.2666666666667
frogs.csv,meanmin:low,meanmax,Areas with low Spring temperature,Mean maximum Spring temperature,12.5666666666667
frogs.csv,meanmin:low,meanmax,Areas with low Spring temperature,Mean maximum Spring temperature,12.5333333333333
frogs.csv,meanmin:low,meanmax,Areas with low Spring temperature,Mean maximum Spring temperature,13.4
frogs.csv,meanmin:low,meanmax,Areas with low Spring temperature,Mean maximum Spring temperature,13.3
frogs.csv,meanmin:low,meanmax,Areas with low Spring temperature,Mean maximum Spring temperature,13.6
frogs.csv,meanmin:low,meanmax,Areas with low Spring temperature,Mean maximum Spring temperature,13.5
frogs.csv,meanmin:low,meanmax,Areas with low Spring temperature,Mean maximum Spring temperature,13.1
frogs.csv,meanmin:low,meanmax,Areas with low Spring temperature,Mean maximum Spring temperature,12.8333333333333
frogs.csv,meanmin:low,meanmax,Areas with low Spring temperature,Mean maximum Spring temperature,13.1666666666667
frogs.csv,meanmin:low,meanmax,Areas with low Spring temperature,Mean maximum Spring temperature,13.1666666666667
frogs.csv,meanmin:low,meanmax,Areas with low Spring temperature,Mean maximum Spring temperature,14
frogs.csv,meanmin:low,meanmax,Areas with low Spring temperature,Mean maximum Spring temperature,13.8
frogs.csv,meanmin:low,meanmax,Areas with low Spring temperature,Mean maximum Spring temperature,12.7333333333333
frogs.csv,meanmin:low,meanmax,Areas with low Spring temperature,Mean maximum Spring temperature,13.3333333333333
frogs.csv,meanmin:low,meanmax,Areas with low Spring temperature,Mean maximum Spring temperature,12.6333333333333
frogs.csv,meanmin:low,meanmax,Areas with low Spring temperature,Mean maximum Spring temperature,11.6
frogs.csv,meanmin:low,meanmax,Areas with low Spring temperature,Mean maximum Spring temperature,12.4333333333333
frogs.csv,meanmin:low,meanmax,Areas with low Spring temperature,Mean maximum Spring temperature,11.7
frogs.csv,meanmin:low,meanmax,Areas with low Spring temperature,Mean maximum Spring temperature,12.5666666666667
frogs.csv,meanmin:low,meanmax,Areas with low Spring temperature,Mean maximum Spring temperature,12.1333333333333
frogs.csv,meanmin:low,meanmax,Areas with low Spring temperature,Mean maximum Spring temperature,13.1
frogs.csv,meanmin:low,meanmax,Areas with low Spring temperature,Mean maximum Spring temperature,13.1666666666667
frogs.csv,meanmin:low,meanmax,Areas with low Spring temperature,Mean maximum Spring temperature,13.1666666666667
frogs.csv,meanmin:low,meanmax,Areas with low Spring temperature,Mean maximum Spring temperature,12.4666666666667
frogs.csv,meanmin:low,meanmax,Areas with low Spring temperature,Mean maximum Spring temperature,12.4666666666667
frogs.csv,meanmin:low,meanmax,Areas with low Spring temperature,Mean maximum Spring temperature,12.8
frogs.csv,meanmin:low,meanmax,Areas with low Spring temperature,Mean maximum Spring temperature,12.4
frogs.csv,meanmin:low,meanmax,Areas with low Spring temperature,Mean maximum Spring temperature,13.2
frogs.csv,meanmin:low,meanmax,Areas with low Spring temperature,Mean maximum Spring temperature,12.5666666666667
frogs.csv,meanmin:low,meanmax,Areas with low Spring temperature,Mean maximum Spring temperature,13.1666666666667
frogs.csv,meanmin:low,meanmax,Areas with low Spring temperature,Mean maximum Spring temperature,12.4
frogs.csv,meanmin:low,meanmax,Areas with low Spring temperature,Mean maximum Spring temperature,13.2
frogs.csv,meanmin:low,meanmax,Areas with low Spring temperature,Mean maximum Spring temperature,12.3666666666667
frogs.csv,meanmin:low,meanmax,Areas with low Spring temperature,Mean maximum Spring temperature,13.1666666666667
frogs.csv,meanmin:low,meanmax,Areas with low Spring temperature,Mean maximum Spring temperature,13.3
frogs.csv,meanmin:low,meanmax,Areas with low Spring temperature,Mean maximum Spring temperature,12.9333333333333
frogs.csv,meanmin:low,meanmax,Areas with low Spring temperature,Mean maximum Spring temperature,12.6
frogs.csv,meanmin:low,meanmax,Areas with low Spring temperature,Mean maximum Spring temperature,11.7333333333333
frogs.csv,meanmin:low,meanmax,Areas with low Spring temperature,Mean maximum Spring temperature,12.4666666666667
frogs.csv,meanmin:low,meanmax,Areas with low Spring temperature,Mean maximum Spring temperature,12.4666666666667
frogs.csv,meanmin:low,meanmax,Areas with low Spring temperature,Mean maximum Spring temperature,12.7666666666667
frogs.csv,meanmin:low,meanmax,Areas with low Spring temperature,Mean maximum Spring temperature,12.6333333333333
frogs.csv,meanmin:low,meanmax,Areas with low Spring temperature,Mean maximum Spring temperature,12.4333333333333
frogs.csv,meanmin:low,meanmax,Areas with low Spring temperature,Mean maximum Spring temperature,11.6
frogs.csv,meanmin:low,meanmax,Areas with low Spring temperature,Mean maximum Spring temperature,11.6333333333333
frogs.csv,meanmin:low,meanmax,Areas with low Spring temperature,Mean maximum Spring temperature,12.2333333333333
frogs.csv,meanmin:low,meanmax,Areas with low Spring temperature,Mean maximum Spring temperature,11.9
frogs.csv,meanmin:low,meanmax,Areas with low Spring temperature,Mean maximum Spring temperature,13.1666666666667
frogs.csv,meanmin:low,meanmax,Areas with low Spring temperature,Mean maximum Spring temperature,13.1666666666667
frogs.csv,meanmin:low,meanmax,Areas with low Spring temperature,Mean maximum Spring temperature,13.2666666666667
frogs.csv,meanmin:low,meanmax,Areas with low Spring temperature,Mean maximum Spring temperature,13.1666666666667
frogs.csv,meanmin:low,meanmax,Areas with low Spring temperature,Mean maximum Spring temperature,13.1666666666667
frogs.csv,meanmin:low,meanmax,Areas with low Spring temperature,Mean maximum Spring temperature,13.1
frogs.csv,meanmin:low,meanmax,Areas with low Spring temperature,Mean maximum Spring temperature,13.0666666666667
frogs.csv,meanmin:low,meanmax,Areas with low Spring temperature,Mean maximum Spring temperature,12.9666666666667
frogs.csv,meanmin:low,meanmax,Areas with low Spring temperature,Mean maximum Spring temperature,13.5
frogs.csv,meanmin:low,meanmax,Areas with low Spring temperature,Mean maximum Spring temperature,13.4
frogs.csv,meanmin:low,meanmax,Areas with low Spring temperature,Mean maximum Spring temperature,12.7666666666667
frogs.csv,meanmin:low,meanmax,Areas with low Spring temperature,Mean maximum Spring temperature,12.5333333333333
frogs.csv,meanmin:high,meanmax,Areas with high Spring temperature,Mean maximum Spring temperature,14
frogs.csv,meanmin:high,meanmax,Areas with high Spring temperature,Mean maximum Spring temperature,13.8
frogs.csv,meanmin:high,meanmax,Areas with high Spring temperature,Mean maximum Spring temperature,13.6
frogs.csv,meanmin:high,meanmax,Areas with high Spring temperature,Mean maximum Spring temperature,13.1666666666667
frogs.csv,meanmin:high,meanmax,Areas with high Spring temperature,Mean maximum Spring temperature,13.1666666666667
frogs.csv,meanmin:high,meanmax,Areas with high Spring temperature,Mean maximum Spring temperature,13.0666666666667
frogs.csv,meanmin:high,meanmax,Areas with high Spring temperature,Mean maximum Spring temperature,13.0666666666667
frogs.csv,meanmin:high,meanmax,Areas with high Spring temperature,Mean maximum Spring temperature,13.4
frogs.csv,meanmin:high,meanmax,Areas with high Spring temperature,Mean maximum Spring temperature,13.4333333333333
frogs.csv,meanmin:high,meanmax,Areas with high Spring temperature,Mean maximum Spring temperature,13.4333333333333
frogs.csv,meanmin:high,meanmax,Areas with high Spring temperature,Mean maximum Spring temperature,13.2666666666667
frogs.csv,meanmin:high,meanmax,Areas with high Spring temperature,Mean maximum Spring temperature,13.8
frogs.csv,meanmin:high,meanmax,Areas with high Spring temperature,Mean maximum Spring temperature,14.3
frogs.csv,meanmin:high,meanmax,Areas with high Spring temperature,Mean maximum Spring temperature,13.8666666666667
frogs.csv,meanmin:high,meanmax,Areas with high Spring temperature,Mean maximum Spring temperature,13.7666666666667
frogs.csv,meanmin:high,meanmax,Areas with high Spring temperature,Mean maximum Spring temperature,15.7
frogs.csv,meanmin:high,meanmax,Areas with high Spring temperature,Mean maximum Spring temperature,15.7
frogs.csv,meanmin:high,meanmax,Areas with high Spring temperature,Mean maximum Spring temperature,15.8333333333333
frogs.csv,meanmin:high,meanmax,Areas with high Spring temperature,Mean maximum Spring temperature,15.8666666666667
frogs.csv,meanmin:high,meanmax,Areas with high Spring temperature,Mean maximum Spring temperature,15.7
frogs.csv,meanmin:high,meanmax,Areas with high Spring temperature,Mean maximum Spring temperature,15.7
frogs.csv,meanmin:high,meanmax,Areas with high Spring temperature,Mean maximum Spring temperature,15.7
frogs.csv,meanmin:high,meanmax,Areas with high Spring temperature,Mean maximum Spring temperature,15.7
frogs.csv,meanmin:high,meanmax,Areas with high Spring temperature,Mean maximum Spring temperature,15.8333333333333
frogs.csv,meanmin:high,meanmax,Areas with high Spring temperature,Mean maximum Spring temperature,15.8333333333333
frogs.csv,meanmin:high,meanmax,Areas with high Spring temperature,Mean maximum Spring temperature,15.5
frogs.csv,meanmin:high,meanmax,Areas with high Spring temperature,Mean maximum Spring temperature,15.8666666666667
frogs.csv,meanmin:high,meanmax,Areas with high Spring temperature,Mean maximum Spring temperature,15.7666666666667
frogs.csv,meanmin:high,meanmax,Areas with high Spring temperature,Mean maximum Spring temperature,15.7666666666667
frogs.csv,meanmin:high,meanmax,Areas with high Spring temperature,Mean maximum Spring temperature,14.9333333333333
frogs.csv,meanmin:high,meanmax,Areas with high Spring temperature,Mean maximum Spring temperature,14.2
frogs.csv,meanmin:high,meanmax,Areas with high Spring temperature,Mean maximum Spring temperature,15.3333333333333
frogs.csv,meanmin:high,meanmax,Areas with high Spring temperature,Mean maximum Spring temperature,14.7666666666667
frogs.csv,meanmin:high,meanmax,Areas with high Spring temperature,Mean maximum Spring temperature,14.2333333333333
frogs.csv,meanmin:high,meanmax,Areas with high Spring temperature,Mean maximum Spring temperature,13.4
frogs.csv,meanmin:high,meanmax,Areas with high Spring temperature,Mean maximum Spring temperature,13.8
frogs.csv,meanmin:high,meanmax,Areas with high Spring temperature,Mean maximum Spring temperature,14.0666666666667
frogs.csv,meanmin:high,meanmax,Areas with high Spring temperature,Mean maximum Spring temperature,14.2333333333333
frogs.csv,meanmin:high,meanmax,Areas with high Spring temperature,Mean maximum Spring temperature,14.2333333333333
frogs.csv,meanmin:high,meanmax,Areas with high Spring temperature,Mean maximum Spring temperature,14.2
frogs.csv,meanmin:high,meanmax,Areas with high Spring temperature,Mean maximum Spring temperature,14.4
frogs.csv,meanmin:high,meanmax,Areas with high Spring temperature,Mean maximum Spring temperature,13.7333333333333
frogs.csv,meanmin:high,meanmax,Areas with high Spring temperature,Mean maximum Spring temperature,14.1333333333333
frogs.csv,meanmin:high,meanmax,Areas with high Spring temperature,Mean maximum Spring temperature,14.2333333333333
frogs.csv,meanmin:high,meanmax,Areas with high Spring temperature,Mean maximum Spring temperature,14.2
frogs.csv,meanmin:high,meanmax,Areas with high Spring temperature,Mean maximum Spring temperature,13.8666666666667
frogs.csv,meanmin:high,meanmax,Areas with high Spring temperature,Mean maximum Spring temperature,14.0333333333333
frogs.csv,meanmin:high,meanmax,Areas with high Spring temperature,Mean maximum Spring temperature,14.4
frogs.csv,meanmin:high,meanmax,Areas with high Spring temperature,Mean maximum Spring temperature,14.2
frogs.csv,meanmin:high,meanmax,Areas with high Spring temperature,Mean maximum Spring temperature,14.2
frogs.csv,meanmin:high,meanmax,Areas with high Spring temperature,Mean maximum Spring temperature,14.0333333333333
frogs.csv,meanmin:high,meanmax,Areas with high Spring temperature,Mean maximum Spring temperature,14.0333333333333
frogs.csv,meanmin:high,meanmax,Areas with high Spring temperature,Mean maximum Spring temperature,13.6666666666667
frogs.csv,meanmin:high,meanmax,Areas with high Spring temperature,Mean maximum Spring temperature,14.2333333333333
frogs.csv,meanmin:high,meanmax,Areas with high Spring temperature,Mean maximum Spring temperature,14.3666666666667
frogs.csv,meanmin:high,meanmax,Areas with high Spring temperature,Mean maximum Spring temperature,13.5333333333333
frogs.csv,meanmin:high,meanmax,Areas with high Spring temperature,Mean maximum Spring temperature,13.5333333333333
frogs.csv,meanmin:high,meanmax,Areas with high Spring temperature,Mean maximum Spring temperature,14.3333333333333
frogs.csv,meanmin:high,meanmax,Areas with high Spring temperature,Mean maximum Spring temperature,13.8333333333333
frogs.csv,meanmin:high,meanmax,Areas with high Spring temperature,Mean maximum Spring temperature,13.4666666666667
frogs.csv,meanmin:high,meanmax,Areas with high Spring temperature,Mean maximum Spring temperature,13.5333333333333
frogs.csv,meanmin:high,meanmax,Areas with high Spring temperature,Mean maximum Spring temperature,13.6666666666667
frogs.csv,meanmin:high,meanmax,Areas with high Spring temperature,Mean maximum Spring temperature,13.8
frogs.csv,meanmin:high,meanmax,Areas with high Spring temperature,Mean maximum Spring temperature,14.3333333333333
frogs.csv,meanmin:high,meanmax,Areas with high Spring temperature,Mean maximum Spring temperature,14.3333333333333
frogs.csv,meanmin:high,meanmax,Areas with high Spring temperature,Mean maximum Spring temperature,14.2333333333333
frogs.csv,meanmin:high,meanmax,Areas with high Spring temperature,Mean maximum Spring temperature,14.3333333333333
frogs.csv,meanmin:high,meanmax,Areas with high Spring temperature,Mean maximum Spring temperature,13.5333333333333
frogs.csv,meanmin:high,meanmax,Areas with high Spring temperature,Mean maximum Spring temperature,13.7333333333333
frogs.csv,meanmin:high,meanmax,Areas with high Spring temperature,Mean maximum Spring temperature,15.7
frogs.csv,meanmin:high,meanmax,Areas with high Spring temperature,Mean maximum Spring temperature,15.9333333333333
frogs.csv,meanmin:high,meanmax,Areas with high Spring temperature,Mean maximum Spring temperature,15.9333333333333
frogs.csv,meanmin:high,meanmax,Areas with high Spring temperature,Mean maximum Spring temperature,15.8333333333333
frogs.csv,meanmin:high,meanmax,Areas with high Spring temperature,Mean maximum Spring temperature,15.8666666666667
frogs.csv,meanmin:high,meanmax,Areas with high Spring temperature,Mean maximum Spring temperature,15.9333333333333
frogs.csv,meanmin:high,meanmax,Areas with high Spring temperature,Mean maximum Spring temperature,15.7
frogs.csv,meanmin:high,meanmax,Areas with high Spring temperature,Mean maximum Spring temperature,14.8666666666667
frogs.csv,meanmin:high,meanmax,Areas with high Spring temperature,Mean maximum Spring temperature,15.0666666666667
frogs.csv,meanmin:high,meanmax,Areas with high Spring temperature,Mean maximum Spring temperature,14.9
frogs.csv,meanmin:high,meanmax,Areas with high Spring temperature,Mean maximum Spring temperature,13.4666666666667
frogs.csv,meanmin:high,meanmax,Areas with high Spring temperature,Mean maximum Spring temperature,13.4666666666667
frogs.csv,meanmin:high,meanmax,Areas with high Spring temperature,Mean maximum Spring temperature,13.2333333333333
frogs.csv,meanmin:high,meanmax,Areas with high Spring temperature,Mean maximum Spring temperature,13.2333333333333
frogs.csv,meanmin:high,meanmax,Areas with high Spring temperature,Mean maximum Spring temperature,13.5333333333333
frogs.csv,meanmin:high,meanmax,Areas with high Spring temperature,Mean maximum Spring temperature,13.2
frogs.csv,meanmin:high,meanmax,Areas with high Spring temperature,Mean maximum Spring temperature,13.5333333333333
frogs.csv,meanmin:high,meanmax,Areas with high Spring temperature,Mean maximum Spring temperature,15.7666666666667
frogs.csv,meanmin:high,meanmax,Areas with high Spring temperature,Mean maximum Spring temperature,15.9
frogs.csv,meanmin:high,meanmax,Areas with high Spring temperature,Mean maximum Spring temperature,15.8
frogs.csv,meanmin:high,meanmax,Areas with high Spring temperature,Mean maximum Spring temperature,15.5333333333333
frogs.csv,meanmin:high,meanmax,Areas with high Spring temperature,Mean maximum Spring temperature,15.6
frogs.csv,meanmin:high,meanmax,Areas with high Spring temperature,Mean maximum Spring temperature,15.3333333333333
frogs.csv,meanmin:high,meanmax,Areas with high Spring temperature,Mean maximum Spring temperature,14.2
frogs.csv,meanmin:high,meanmax,Areas with high Spring temperature,Mean maximum Spring temperature,14.2
frogs.csv,meanmin:high,meanmax,Areas with high Spring temperature,Mean maximum Spring temperature,14.2333333333333
frogs.csv,meanmin:high,meanmax,Areas with high Spring temperature,Mean maximum Spring temperature,13.0666666666667
frogs.csv,meanmin:high,meanmax,Areas with high Spring temperature,Mean maximum Spring temperature,15.7666666666667
frogs.csv,meanmin:high,meanmax,Areas with high Spring temperature,Mean maximum Spring temperature,15.4333333333333
frogs.csv,meanmin:high,meanmax,Areas with high Spring temperature,Mean maximum Spring temperature,13.9666666666667
frogs.csv,meanmin:high,meanmax,Areas with high Spring temperature,Mean maximum Spring temperature,13.8333333333333
frogs.csv,meanmin:high,meanmax,Areas with high Spring temperature,Mean maximum Spring temperature,13.0666666666667
frogs.csv,meanmin:high,meanmax,Areas with high Spring temperature,Mean maximum Spring temperature,15.9666666666667
frogs.csv,meanmin:high,meanmax,Areas with high Spring temperature,Mean maximum Spring temperature,13.3666666666667
frogs.csv,meanmin:high,meanmax,Areas with high Spring temperature,Mean maximum Spring temperature,15.8
frogs.csv,meanmin:high,meanmax,Areas with high Spring temperature,Mean maximum Spring temperature,14.5333333333333
