fileName,oldGroupName,oldAttributeName,newGroupName,newAttributeName,attributeValue
Gasoline.csv,lgaspcar:low,lrpmg,Years with low motor gasoline consumption per auto,Motor gasoline price,-0.379517692
Gasoline.csv,lgaspcar:low,lrpmg,Years with low motor gasoline consumption per auto,Motor gasoline price,-0.414251392
Gasoline.csv,lgaspcar:low,lrpmg,Years with low motor gasoline consumption per auto,Motor gasoline price,-0.445335362
Gasoline.csv,lgaspcar:low,lrpmg,Years with low motor gasoline consumption per auto,Motor gasoline price,-0.497060662
Gasoline.csv,lgaspcar:low,lrpmg,Years with low motor gasoline consumption per auto,Motor gasoline price,-0.466837731
Gasoline.csv,lgaspcar:low,lrpmg,Years with low motor gasoline consumption per auto,Motor gasoline price,-0.505883405
Gasoline.csv,lgaspcar:low,lrpmg,Years with low motor gasoline consumption per auto,Motor gasoline price,-0.522412545
Gasoline.csv,lgaspcar:low,lrpmg,Years with low motor gasoline consumption per auto,Motor gasoline price,-0.559110514
Gasoline.csv,lgaspcar:low,lrpmg,Years with low motor gasoline consumption per auto,Motor gasoline price,-0.596561219
Gasoline.csv,lgaspcar:low,lrpmg,Years with low motor gasoline consumption per auto,Motor gasoline price,-0.466026934
Gasoline.csv,lgaspcar:low,lrpmg,Years with low motor gasoline consumption per auto,Motor gasoline price,-0.454142205
Gasoline.csv,lgaspcar:low,lrpmg,Years with low motor gasoline consumption per auto,Motor gasoline price,-0.500083722
Gasoline.csv,lgaspcar:low,lrpmg,Years with low motor gasoline consumption per auto,Motor gasoline price,-0.421915626
Gasoline.csv,lgaspcar:low,lrpmg,Years with low motor gasoline consumption per auto,Motor gasoline price,-0.469603119
Gasoline.csv,lgaspcar:low,lrpmg,Years with low motor gasoline consumption per auto,Motor gasoline price,-0.222291377
Gasoline.csv,lgaspcar:low,lrpmg,Years with low motor gasoline consumption per auto,Motor gasoline price,-0.250462254
Gasoline.csv,lgaspcar:low,lrpmg,Years with low motor gasoline consumption per auto,Motor gasoline price,-0.275910566
Gasoline.csv,lgaspcar:low,lrpmg,Years with low motor gasoline consumption per auto,Motor gasoline price,-0.344936952
Gasoline.csv,lgaspcar:low,lrpmg,Years with low motor gasoline consumption per auto,Motor gasoline price,-0.236397699
Gasoline.csv,lgaspcar:low,lrpmg,Years with low motor gasoline consumption per auto,Motor gasoline price,-0.266994986
Gasoline.csv,lgaspcar:low,lrpmg,Years with low motor gasoline consumption per auto,Motor gasoline price,-0.311160755
Gasoline.csv,lgaspcar:low,lrpmg,Years with low motor gasoline consumption per auto,Motor gasoline price,-0.354808521
Gasoline.csv,lgaspcar:low,lrpmg,Years with low motor gasoline consumption per auto,Motor gasoline price,-0.377940435
Gasoline.csv,lgaspcar:low,lrpmg,Years with low motor gasoline consumption per auto,Motor gasoline price,-0.399229916
Gasoline.csv,lgaspcar:low,lrpmg,Years with low motor gasoline consumption per auto,Motor gasoline price,-0.310645837
Gasoline.csv,lgaspcar:low,lrpmg,Years with low motor gasoline consumption per auto,Motor gasoline price,-0.37309192
Gasoline.csv,lgaspcar:low,lrpmg,Years with low motor gasoline consumption per auto,Motor gasoline price,-0.362235632
Gasoline.csv,lgaspcar:low,lrpmg,Years with low motor gasoline consumption per auto,Motor gasoline price,-0.364308483
Gasoline.csv,lgaspcar:low,lrpmg,Years with low motor gasoline consumption per auto,Motor gasoline price,-0.37896584
Gasoline.csv,lgaspcar:low,lrpmg,Years with low motor gasoline consumption per auto,Motor gasoline price,-0.431641329
Gasoline.csv,lgaspcar:low,lrpmg,Years with low motor gasoline consumption per auto,Motor gasoline price,-0.590949637
Gasoline.csv,lgaspcar:low,lrpmg,Years with low motor gasoline consumption per auto,Motor gasoline price,-0.499188634
Gasoline.csv,lgaspcar:low,lrpmg,Years with low motor gasoline consumption per auto,Motor gasoline price,-0.425177196
Gasoline.csv,lgaspcar:low,lrpmg,Years with low motor gasoline consumption per auto,Motor gasoline price,-0.393954315
Gasoline.csv,lgaspcar:low,lrpmg,Years with low motor gasoline consumption per auto,Motor gasoline price,-0.353615343
Gasoline.csv,lgaspcar:low,lrpmg,Years with low motor gasoline consumption per auto,Motor gasoline price,-0.356909167
Gasoline.csv,lgaspcar:low,lrpmg,Years with low motor gasoline consumption per auto,Motor gasoline price,-0.290681352
Gasoline.csv,lgaspcar:low,lrpmg,Years with low motor gasoline consumption per auto,Motor gasoline price,-0.0195983319
Gasoline.csv,lgaspcar:low,lrpmg,Years with low motor gasoline consumption per auto,Motor gasoline price,-0.023859998
Gasoline.csv,lgaspcar:low,lrpmg,Years with low motor gasoline consumption per auto,Motor gasoline price,-0.06892022
Gasoline.csv,lgaspcar:low,lrpmg,Years with low motor gasoline consumption per auto,Motor gasoline price,-0.137928998
Gasoline.csv,lgaspcar:low,lrpmg,Years with low motor gasoline consumption per auto,Motor gasoline price,-0.197846462
Gasoline.csv,lgaspcar:low,lrpmg,Years with low motor gasoline consumption per auto,Motor gasoline price,-0.233653249
Gasoline.csv,lgaspcar:low,lrpmg,Years with low motor gasoline consumption per auto,Motor gasoline price,-0.264271637
Gasoline.csv,lgaspcar:low,lrpmg,Years with low motor gasoline consumption per auto,Motor gasoline price,-0.294057952
Gasoline.csv,lgaspcar:low,lrpmg,Years with low motor gasoline consumption per auto,Motor gasoline price,-0.32316179
Gasoline.csv,lgaspcar:low,lrpmg,Years with low motor gasoline consumption per auto,Motor gasoline price,-0.315190871
Gasoline.csv,lgaspcar:low,lrpmg,Years with low motor gasoline consumption per auto,Motor gasoline price,-0.333846156
Gasoline.csv,lgaspcar:low,lrpmg,Years with low motor gasoline consumption per auto,Motor gasoline price,-0.379456667
Gasoline.csv,lgaspcar:low,lrpmg,Years with low motor gasoline consumption per auto,Motor gasoline price,-0.407816419
Gasoline.csv,lgaspcar:low,lrpmg,Years with low motor gasoline consumption per auto,Motor gasoline price,-0.475034288
Gasoline.csv,lgaspcar:low,lrpmg,Years with low motor gasoline consumption per auto,Motor gasoline price,-0.216981915
Gasoline.csv,lgaspcar:low,lrpmg,Years with low motor gasoline consumption per auto,Motor gasoline price,-0.258381739
Gasoline.csv,lgaspcar:low,lrpmg,Years with low motor gasoline consumption per auto,Motor gasoline price,-0.246513092
Gasoline.csv,lgaspcar:low,lrpmg,Years with low motor gasoline consumption per auto,Motor gasoline price,-0.225506808
Gasoline.csv,lgaspcar:low,lrpmg,Years with low motor gasoline consumption per auto,Motor gasoline price,-0.380759422
Gasoline.csv,lgaspcar:low,lrpmg,Years with low motor gasoline consumption per auto,Motor gasoline price,-0.185910784
Gasoline.csv,lgaspcar:low,lrpmg,Years with low motor gasoline consumption per auto,Motor gasoline price,-0.230953841
Gasoline.csv,lgaspcar:low,lrpmg,Years with low motor gasoline consumption per auto,Motor gasoline price,-0.343841709
Gasoline.csv,lgaspcar:low,lrpmg,Years with low motor gasoline consumption per auto,Motor gasoline price,-0.374646721
Gasoline.csv,lgaspcar:low,lrpmg,Years with low motor gasoline consumption per auto,Motor gasoline price,-0.399652558
Gasoline.csv,lgaspcar:low,lrpmg,Years with low motor gasoline consumption per auto,Motor gasoline price,-0.43987825
Gasoline.csv,lgaspcar:low,lrpmg,Years with low motor gasoline consumption per auto,Motor gasoline price,-0.540001969
Gasoline.csv,lgaspcar:low,lrpmg,Years with low motor gasoline consumption per auto,Motor gasoline price,-0.549981389
Gasoline.csv,lgaspcar:low,lrpmg,Years with low motor gasoline consumption per auto,Motor gasoline price,-0.438242222
Gasoline.csv,lgaspcar:low,lrpmg,Years with low motor gasoline consumption per auto,Motor gasoline price,-0.589231367
Gasoline.csv,lgaspcar:low,lrpmg,Years with low motor gasoline consumption per auto,Motor gasoline price,-0.633295197
Gasoline.csv,lgaspcar:low,lrpmg,Years with low motor gasoline consumption per auto,Motor gasoline price,-0.671763109
Gasoline.csv,lgaspcar:low,lrpmg,Years with low motor gasoline consumption per auto,Motor gasoline price,-0.717974579
Gasoline.csv,lgaspcar:low,lrpmg,Years with low motor gasoline consumption per auto,Motor gasoline price,-0.725875207
Gasoline.csv,lgaspcar:low,lrpmg,Years with low motor gasoline consumption per auto,Motor gasoline price,-0.569828759
Gasoline.csv,lgaspcar:low,lrpmg,Years with low motor gasoline consumption per auto,Motor gasoline price,-0.564823796
Gasoline.csv,lgaspcar:low,lrpmg,Years with low motor gasoline consumption per auto,Motor gasoline price,-0.624812978
Gasoline.csv,lgaspcar:low,lrpmg,Years with low motor gasoline consumption per auto,Motor gasoline price,-0.597612096
Gasoline.csv,lgaspcar:low,lrpmg,Years with low motor gasoline consumption per auto,Motor gasoline price,-0.62817279
Gasoline.csv,lgaspcar:low,lrpmg,Years with low motor gasoline consumption per auto,Motor gasoline price,0.1650770759
Gasoline.csv,lgaspcar:low,lrpmg,Years with low motor gasoline consumption per auto,Motor gasoline price,-0.085590383
Gasoline.csv,lgaspcar:low,lrpmg,Years with low motor gasoline consumption per auto,Motor gasoline price,-0.183512909
Gasoline.csv,lgaspcar:low,lrpmg,Years with low motor gasoline consumption per auto,Motor gasoline price,-0.265414049
Gasoline.csv,lgaspcar:low,lrpmg,Years with low motor gasoline consumption per auto,Motor gasoline price,-0.426096431
Gasoline.csv,lgaspcar:low,lrpmg,Years with low motor gasoline consumption per auto,Motor gasoline price,-0.327126374
Gasoline.csv,lgaspcar:low,lrpmg,Years with low motor gasoline consumption per auto,Motor gasoline price,-0.248874177
Gasoline.csv,lgaspcar:low,lrpmg,Years with low motor gasoline consumption per auto,Motor gasoline price,-0.191600476
Gasoline.csv,lgaspcar:low,lrpmg,Years with low motor gasoline consumption per auto,Motor gasoline price,-0.20616656
Gasoline.csv,lgaspcar:low,lrpmg,Years with low motor gasoline consumption per auto,Motor gasoline price,-0.247566808
Gasoline.csv,lgaspcar:low,lrpmg,Years with low motor gasoline consumption per auto,Motor gasoline price,-0.232715118
Gasoline.csv,lgaspcar:low,lrpmg,Years with low motor gasoline consumption per auto,Motor gasoline price,-0.148222668
Gasoline.csv,lgaspcar:low,lrpmg,Years with low motor gasoline consumption per auto,Motor gasoline price,-0.215088573
Gasoline.csv,lgaspcar:low,lrpmg,Years with low motor gasoline consumption per auto,Motor gasoline price,-0.325084875
Gasoline.csv,lgaspcar:low,lrpmg,Years with low motor gasoline consumption per auto,Motor gasoline price,-0.222908603
Gasoline.csv,lgaspcar:low,lrpmg,Years with low motor gasoline consumption per auto,Motor gasoline price,-0.032709131
Gasoline.csv,lgaspcar:low,lrpmg,Years with low motor gasoline consumption per auto,Motor gasoline price,0.1029279823
Gasoline.csv,lgaspcar:low,lrpmg,Years with low motor gasoline consumption per auto,Motor gasoline price,0.1641880499
Gasoline.csv,lgaspcar:low,lrpmg,Years with low motor gasoline consumption per auto,Motor gasoline price,0.0348221179
Gasoline.csv,lgaspcar:low,lrpmg,Years with low motor gasoline consumption per auto,Motor gasoline price,-0.190906362
Gasoline.csv,lgaspcar:low,lrpmg,Years with low motor gasoline consumption per auto,Motor gasoline price,-0.159484734
Gasoline.csv,lgaspcar:low,lrpmg,Years with low motor gasoline consumption per auto,Motor gasoline price,-0.207265591
Gasoline.csv,lgaspcar:low,lrpmg,Years with low motor gasoline consumption per auto,Motor gasoline price,-0.219044468
Gasoline.csv,lgaspcar:low,lrpmg,Years with low motor gasoline consumption per auto,Motor gasoline price,-0.28707638
Gasoline.csv,lgaspcar:low,lrpmg,Years with low motor gasoline consumption per auto,Motor gasoline price,-0.444504308
Gasoline.csv,lgaspcar:low,lrpmg,Years with low motor gasoline consumption per auto,Motor gasoline price,-0.41694955
Gasoline.csv,lgaspcar:low,lrpmg,Years with low motor gasoline consumption per auto,Motor gasoline price,-0.399545438
Gasoline.csv,lgaspcar:low,lrpmg,Years with low motor gasoline consumption per auto,Motor gasoline price,-0.43393029
Gasoline.csv,lgaspcar:low,lrpmg,Years with low motor gasoline consumption per auto,Motor gasoline price,-0.319032404
Gasoline.csv,lgaspcar:low,lrpmg,Years with low motor gasoline consumption per auto,Motor gasoline price,-0.427281926
Gasoline.csv,lgaspcar:low,lrpmg,Years with low motor gasoline consumption per auto,Motor gasoline price,-0.352536847
Gasoline.csv,lgaspcar:low,lrpmg,Years with low motor gasoline consumption per auto,Motor gasoline price,-0.434261779
Gasoline.csv,lgaspcar:low,lrpmg,Years with low motor gasoline consumption per auto,Motor gasoline price,-0.429083928
Gasoline.csv,lgaspcar:low,lrpmg,Years with low motor gasoline consumption per auto,Motor gasoline price,-0.464741953
Gasoline.csv,lgaspcar:low,lrpmg,Years with low motor gasoline consumption per auto,Motor gasoline price,-0.557914587
Gasoline.csv,lgaspcar:low,lrpmg,Years with low motor gasoline consumption per auto,Motor gasoline price,-0.250117265
Gasoline.csv,lgaspcar:low,lrpmg,Years with low motor gasoline consumption per auto,Motor gasoline price,-0.265557625
Gasoline.csv,lgaspcar:low,lrpmg,Years with low motor gasoline consumption per auto,Motor gasoline price,-0.33823045
Gasoline.csv,lgaspcar:low,lrpmg,Years with low motor gasoline consumption per auto,Motor gasoline price,-0.301272235
Gasoline.csv,lgaspcar:low,lrpmg,Years with low motor gasoline consumption per auto,Motor gasoline price,-0.260239254
Gasoline.csv,lgaspcar:low,lrpmg,Years with low motor gasoline consumption per auto,Motor gasoline price,-0.33880765
Gasoline.csv,lgaspcar:low,lrpmg,Years with low motor gasoline consumption per auto,Motor gasoline price,-0.151009242
Gasoline.csv,lgaspcar:low,lrpmg,Years with low motor gasoline consumption per auto,Motor gasoline price,-0.327267568
Gasoline.csv,lgaspcar:low,lrpmg,Years with low motor gasoline consumption per auto,Motor gasoline price,-0.35308752
Gasoline.csv,lgaspcar:low,lrpmg,Years with low motor gasoline consumption per auto,Motor gasoline price,-0.382557621
Gasoline.csv,lgaspcar:low,lrpmg,Years with low motor gasoline consumption per auto,Motor gasoline price,-0.307659346
Gasoline.csv,lgaspcar:low,lrpmg,Years with low motor gasoline consumption per auto,Motor gasoline price,0.7413081068
Gasoline.csv,lgaspcar:low,lrpmg,Years with low motor gasoline consumption per auto,Motor gasoline price,0.7038645286
Gasoline.csv,lgaspcar:low,lrpmg,Years with low motor gasoline consumption per auto,Motor gasoline price,0.6694895005
Gasoline.csv,lgaspcar:low,lrpmg,Years with low motor gasoline consumption per auto,Motor gasoline price,0.6121720823
Gasoline.csv,lgaspcar:low,lrpmg,Years with low motor gasoline consumption per auto,Motor gasoline price,0.6069956324
Gasoline.csv,lgaspcar:low,lrpmg,Years with low motor gasoline consumption per auto,Motor gasoline price,0.5371684362
Gasoline.csv,lgaspcar:low,lrpmg,Years with low motor gasoline consumption per auto,Motor gasoline price,0.4337716638
Gasoline.csv,lgaspcar:low,lrpmg,Years with low motor gasoline consumption per auto,Motor gasoline price,0.5249209589
Gasoline.csv,lgaspcar:low,lrpmg,Years with low motor gasoline consumption per auto,Motor gasoline price,0.6295554457
Gasoline.csv,lgaspcar:low,lrpmg,Years with low motor gasoline consumption per auto,Motor gasoline price,0.6838540857
Gasoline.csv,lgaspcar:low,lrpmg,Years with low motor gasoline consumption per auto,Motor gasoline price,0.5262716679
Gasoline.csv,lgaspcar:low,lrpmg,Years with low motor gasoline consumption per auto,Motor gasoline price,0.6214137398
Gasoline.csv,lgaspcar:low,lrpmg,Years with low motor gasoline consumption per auto,Motor gasoline price,-2.52041588
Gasoline.csv,lgaspcar:low,lrpmg,Years with low motor gasoline consumption per auto,Motor gasoline price,-2.5714834
Gasoline.csv,lgaspcar:low,lrpmg,Years with low motor gasoline consumption per auto,Motor gasoline price,-2.534481582
Gasoline.csv,lgaspcar:low,lrpmg,Years with low motor gasoline consumption per auto,Motor gasoline price,-2.605112238
Gasoline.csv,lgaspcar:low,lrpmg,Years with low motor gasoline consumption per auto,Motor gasoline price,-2.658016262
Gasoline.csv,lgaspcar:low,lrpmg,Years with low motor gasoline consumption per auto,Motor gasoline price,-2.644767904
Gasoline.csv,lgaspcar:low,lrpmg,Years with low motor gasoline consumption per auto,Motor gasoline price,-2.639014598
Gasoline.csv,lgaspcar:low,lrpmg,Years with low motor gasoline consumption per auto,Motor gasoline price,-2.656097622
Gasoline.csv,lgaspcar:low,lrpmg,Years with low motor gasoline consumption per auto,Motor gasoline price,-2.679186625
Gasoline.csv,lgaspcar:low,lrpmg,Years with low motor gasoline consumption per auto,Motor gasoline price,-2.731904137
Gasoline.csv,lgaspcar:low,lrpmg,Years with low motor gasoline consumption per auto,Motor gasoline price,-2.733592107
Gasoline.csv,lgaspcar:low,lrpmg,Years with low motor gasoline consumption per auto,Motor gasoline price,-2.778845536
Gasoline.csv,lgaspcar:low,lrpmg,Years with low motor gasoline consumption per auto,Motor gasoline price,-2.774675366
Gasoline.csv,lgaspcar:low,lrpmg,Years with low motor gasoline consumption per auto,Motor gasoline price,-2.841428998
Gasoline.csv,lgaspcar:low,lrpmg,Years with low motor gasoline consumption per auto,Motor gasoline price,-2.798406769
Gasoline.csv,lgaspcar:low,lrpmg,Years with low motor gasoline consumption per auto,Motor gasoline price,-2.767314605
Gasoline.csv,lgaspcar:low,lrpmg,Years with low motor gasoline consumption per auto,Motor gasoline price,-2.822944797
Gasoline.csv,lgaspcar:low,lrpmg,Years with low motor gasoline consumption per auto,Motor gasoline price,-2.82005896
Gasoline.csv,lgaspcar:low,lrpmg,Years with low motor gasoline consumption per auto,Motor gasoline price,-2.896496712
Gasoline.csv,lgaspcar:low,lrpmg,Years with low motor gasoline consumption per auto,Motor gasoline price,-0.907362054
Gasoline.csv,lgaspcar:low,lrpmg,Years with low motor gasoline consumption per auto,Motor gasoline price,-1.032088113
Gasoline.csv,lgaspcar:low,lrpmg,Years with low motor gasoline consumption per auto,Motor gasoline price,-0.422876898
Gasoline.csv,lgaspcar:low,lrpmg,Years with low motor gasoline consumption per auto,Motor gasoline price,-0.463351473
Gasoline.csv,lgaspcar:low,lrpmg,Years with low motor gasoline consumption per auto,Motor gasoline price,-0.495774304
Gasoline.csv,lgaspcar:low,lrpmg,Years with low motor gasoline consumption per auto,Motor gasoline price,-0.426549154
Gasoline.csv,lgaspcar:low,lrpmg,Years with low motor gasoline consumption per auto,Motor gasoline price,-0.470681449
Gasoline.csv,lgaspcar:low,lrpmg,Years with low motor gasoline consumption per auto,Motor gasoline price,-0.441187857
Gasoline.csv,lgaspcar:low,lrpmg,Years with low motor gasoline consumption per auto,Motor gasoline price,-0.462450796
Gasoline.csv,lgaspcar:low,lrpmg,Years with low motor gasoline consumption per auto,Motor gasoline price,-0.383324569
Gasoline.csv,lgaspcar:low,lrpmg,Years with low motor gasoline consumption per auto,Motor gasoline price,-0.418990297
Gasoline.csv,lgaspcar:low,lrpmg,Years with low motor gasoline consumption per auto,Motor gasoline price,-0.461359776
Gasoline.csv,lgaspcar:low,lrpmg,Years with low motor gasoline consumption per auto,Motor gasoline price,-0.527772456
Gasoline.csv,lgaspcar:low,lrpmg,Years with low motor gasoline consumption per auto,Motor gasoline price,-0.565297177
Gasoline.csv,lgaspcar:low,lrpmg,Years with low motor gasoline consumption per auto,Motor gasoline price,-0.56641296
Gasoline.csv,lgaspcar:low,lrpmg,Years with low motor gasoline consumption per auto,Motor gasoline price,-0.208674279
Gasoline.csv,lgaspcar:low,lrpmg,Years with low motor gasoline consumption per auto,Motor gasoline price,-0.273540097
Gasoline.csv,lgaspcar:low,lrpmg,Years with low motor gasoline consumption per auto,Motor gasoline price,-0.508862845
Gasoline.csv,lgaspcar:low,lrpmg,Years with low motor gasoline consumption per auto,Motor gasoline price,-0.786529113
Gasoline.csv,lgaspcar:high,lrpmg,Years with high motor gasoline consumption per auto,Motor gasoline price,-0.334547613
Gasoline.csv,lgaspcar:high,lrpmg,Years with high motor gasoline consumption per auto,Motor gasoline price,-0.351327614
Gasoline.csv,lgaspcar:high,lrpmg,Years with high motor gasoline consumption per auto,Motor gasoline price,-0.654459143
Gasoline.csv,lgaspcar:high,lrpmg,Years with high motor gasoline consumption per auto,Motor gasoline price,-0.596331841
Gasoline.csv,lgaspcar:high,lrpmg,Years with high motor gasoline consumption per auto,Motor gasoline price,-0.594446813
Gasoline.csv,lgaspcar:high,lrpmg,Years with high motor gasoline consumption per auto,Motor gasoline price,-0.165709611
Gasoline.csv,lgaspcar:high,lrpmg,Years with high motor gasoline consumption per auto,Motor gasoline price,-0.171730983
Gasoline.csv,lgaspcar:high,lrpmg,Years with high motor gasoline consumption per auto,Motor gasoline price,-0.972106499
Gasoline.csv,lgaspcar:high,lrpmg,Years with high motor gasoline consumption per auto,Motor gasoline price,-0.972290244
Gasoline.csv,lgaspcar:high,lrpmg,Years with high motor gasoline consumption per auto,Motor gasoline price,-0.978607564
Gasoline.csv,lgaspcar:high,lrpmg,Years with high motor gasoline consumption per auto,Motor gasoline price,-1.019047914
Gasoline.csv,lgaspcar:high,lrpmg,Years with high motor gasoline consumption per auto,Motor gasoline price,-1.002856963
Gasoline.csv,lgaspcar:high,lrpmg,Years with high motor gasoline consumption per auto,Motor gasoline price,-1.017125486
Gasoline.csv,lgaspcar:high,lrpmg,Years with high motor gasoline consumption per auto,Motor gasoline price,-1.016944359
Gasoline.csv,lgaspcar:high,lrpmg,Years with high motor gasoline consumption per auto,Motor gasoline price,-1.023597133
Gasoline.csv,lgaspcar:high,lrpmg,Years with high motor gasoline consumption per auto,Motor gasoline price,-1.019845238
Gasoline.csv,lgaspcar:high,lrpmg,Years with high motor gasoline consumption per auto,Motor gasoline price,-1.036863891
Gasoline.csv,lgaspcar:high,lrpmg,Years with high motor gasoline consumption per auto,Motor gasoline price,-1.067333082
Gasoline.csv,lgaspcar:high,lrpmg,Years with high motor gasoline consumption per auto,Motor gasoline price,-1.058036755
Gasoline.csv,lgaspcar:high,lrpmg,Years with high motor gasoline consumption per auto,Motor gasoline price,-1.099667032
Gasoline.csv,lgaspcar:high,lrpmg,Years with high motor gasoline consumption per auto,Motor gasoline price,-1.133161425
Gasoline.csv,lgaspcar:high,lrpmg,Years with high motor gasoline consumption per auto,Motor gasoline price,-1.123799966
Gasoline.csv,lgaspcar:high,lrpmg,Years with high motor gasoline consumption per auto,Motor gasoline price,-1.185684272
Gasoline.csv,lgaspcar:high,lrpmg,Years with high motor gasoline consumption per auto,Motor gasoline price,-1.061796589
Gasoline.csv,lgaspcar:high,lrpmg,Years with high motor gasoline consumption per auto,Motor gasoline price,-1.070844484
Gasoline.csv,lgaspcar:high,lrpmg,Years with high motor gasoline consumption per auto,Motor gasoline price,-1.074950728
Gasoline.csv,lgaspcar:high,lrpmg,Years with high motor gasoline consumption per auto,Motor gasoline price,-0.195702601
Gasoline.csv,lgaspcar:high,lrpmg,Years with high motor gasoline consumption per auto,Motor gasoline price,-0.253618436
Gasoline.csv,lgaspcar:high,lrpmg,Years with high motor gasoline consumption per auto,Motor gasoline price,-0.218754003
Gasoline.csv,lgaspcar:high,lrpmg,Years with high motor gasoline consumption per auto,Motor gasoline price,-0.248009361
Gasoline.csv,lgaspcar:high,lrpmg,Years with high motor gasoline consumption per auto,Motor gasoline price,-0.306549235
Gasoline.csv,lgaspcar:high,lrpmg,Years with high motor gasoline consumption per auto,Motor gasoline price,-0.327015424
Gasoline.csv,lgaspcar:high,lrpmg,Years with high motor gasoline consumption per auto,Motor gasoline price,-0.396188459
Gasoline.csv,lgaspcar:high,lrpmg,Years with high motor gasoline consumption per auto,Motor gasoline price,-0.442573687
Gasoline.csv,lgaspcar:high,lrpmg,Years with high motor gasoline consumption per auto,Motor gasoline price,-0.352047521
Gasoline.csv,lgaspcar:high,lrpmg,Years with high motor gasoline consumption per auto,Motor gasoline price,-0.406879219
Gasoline.csv,lgaspcar:high,lrpmg,Years with high motor gasoline consumption per auto,Motor gasoline price,-0.440460822
Gasoline.csv,lgaspcar:high,lrpmg,Years with high motor gasoline consumption per auto,Motor gasoline price,-0.454739536
Gasoline.csv,lgaspcar:high,lrpmg,Years with high motor gasoline consumption per auto,Motor gasoline price,-0.432571846
Gasoline.csv,lgaspcar:high,lrpmg,Years with high motor gasoline consumption per auto,Motor gasoline price,-0.083547398
Gasoline.csv,lgaspcar:high,lrpmg,Years with high motor gasoline consumption per auto,Motor gasoline price,-0.104219969
Gasoline.csv,lgaspcar:high,lrpmg,Years with high motor gasoline consumption per auto,Motor gasoline price,-0.133207506
Gasoline.csv,lgaspcar:high,lrpmg,Years with high motor gasoline consumption per auto,Motor gasoline price,-0.156535759
Gasoline.csv,lgaspcar:high,lrpmg,Years with high motor gasoline consumption per auto,Motor gasoline price,-0.180517723
Gasoline.csv,lgaspcar:high,lrpmg,Years with high motor gasoline consumption per auto,Motor gasoline price,-0.077939994
Gasoline.csv,lgaspcar:high,lrpmg,Years with high motor gasoline consumption per auto,Motor gasoline price,-0.114918997
Gasoline.csv,lgaspcar:high,lrpmg,Years with high motor gasoline consumption per auto,Motor gasoline price,-0.137758489
Gasoline.csv,lgaspcar:high,lrpmg,Years with high motor gasoline consumption per auto,Motor gasoline price,-0.15375883
Gasoline.csv,lgaspcar:high,lrpmg,Years with high motor gasoline consumption per auto,Motor gasoline price,-0.179869974
Gasoline.csv,lgaspcar:high,lrpmg,Years with high motor gasoline consumption per auto,Motor gasoline price,-0.202524264
Gasoline.csv,lgaspcar:high,lrpmg,Years with high motor gasoline consumption per auto,Motor gasoline price,-0.067610784
Gasoline.csv,lgaspcar:high,lrpmg,Years with high motor gasoline consumption per auto,Motor gasoline price,-0.119730585
Gasoline.csv,lgaspcar:high,lrpmg,Years with high motor gasoline consumption per auto,Motor gasoline price,-0.051910292
Gasoline.csv,lgaspcar:high,lrpmg,Years with high motor gasoline consumption per auto,Motor gasoline price,0.3162535102
Gasoline.csv,lgaspcar:high,lrpmg,Years with high motor gasoline consumption per auto,Motor gasoline price,0.2063157377
Gasoline.csv,lgaspcar:high,lrpmg,Years with high motor gasoline consumption per auto,Motor gasoline price,0.1931931175
Gasoline.csv,lgaspcar:high,lrpmg,Years with high motor gasoline consumption per auto,Motor gasoline price,0.2350296122
Gasoline.csv,lgaspcar:high,lrpmg,Years with high motor gasoline consumption per auto,Motor gasoline price,0.1689603715
Gasoline.csv,lgaspcar:high,lrpmg,Years with high motor gasoline consumption per auto,Motor gasoline price,-0.076481181
Gasoline.csv,lgaspcar:high,lrpmg,Years with high motor gasoline consumption per auto,Motor gasoline price,-0.120408737
Gasoline.csv,lgaspcar:high,lrpmg,Years with high motor gasoline consumption per auto,Motor gasoline price,-0.141600394
Gasoline.csv,lgaspcar:high,lrpmg,Years with high motor gasoline consumption per auto,Motor gasoline price,-0.152329154
Gasoline.csv,lgaspcar:high,lrpmg,Years with high motor gasoline consumption per auto,Motor gasoline price,-0.244282125
Gasoline.csv,lgaspcar:high,lrpmg,Years with high motor gasoline consumption per auto,Motor gasoline price,-0.16899366
Gasoline.csv,lgaspcar:high,lrpmg,Years with high motor gasoline consumption per auto,Motor gasoline price,-0.210719014
Gasoline.csv,lgaspcar:high,lrpmg,Years with high motor gasoline consumption per auto,Motor gasoline price,-0.173835328
Gasoline.csv,lgaspcar:high,lrpmg,Years with high motor gasoline consumption per auto,Motor gasoline price,-0.213393142
Gasoline.csv,lgaspcar:high,lrpmg,Years with high motor gasoline consumption per auto,Motor gasoline price,-0.271628419
Gasoline.csv,lgaspcar:high,lrpmg,Years with high motor gasoline consumption per auto,Motor gasoline price,-0.32069023
Gasoline.csv,lgaspcar:high,lrpmg,Years with high motor gasoline consumption per auto,Motor gasoline price,-0.360410671
Gasoline.csv,lgaspcar:high,lrpmg,Years with high motor gasoline consumption per auto,Motor gasoline price,-0.423931306
Gasoline.csv,lgaspcar:high,lrpmg,Years with high motor gasoline consumption per auto,Motor gasoline price,-0.64567297
Gasoline.csv,lgaspcar:high,lrpmg,Years with high motor gasoline consumption per auto,Motor gasoline price,-0.553438755
Gasoline.csv,lgaspcar:high,lrpmg,Years with high motor gasoline consumption per auto,Motor gasoline price,-0.641264161
Gasoline.csv,lgaspcar:high,lrpmg,Years with high motor gasoline consumption per auto,Motor gasoline price,-0.661342563
Gasoline.csv,lgaspcar:high,lrpmg,Years with high motor gasoline consumption per auto,Motor gasoline price,-0.560114826
Gasoline.csv,lgaspcar:high,lrpmg,Years with high motor gasoline consumption per auto,Motor gasoline price,-0.662778084
Gasoline.csv,lgaspcar:high,lrpmg,Years with high motor gasoline consumption per auto,Motor gasoline price,-0.14532271
Gasoline.csv,lgaspcar:high,lrpmg,Years with high motor gasoline consumption per auto,Motor gasoline price,-0.148749398
Gasoline.csv,lgaspcar:high,lrpmg,Years with high motor gasoline consumption per auto,Motor gasoline price,-0.187314589
Gasoline.csv,lgaspcar:high,lrpmg,Years with high motor gasoline consumption per auto,Motor gasoline price,-0.19996473
Gasoline.csv,lgaspcar:high,lrpmg,Years with high motor gasoline consumption per auto,Motor gasoline price,-0.203864326
Gasoline.csv,lgaspcar:high,lrpmg,Years with high motor gasoline consumption per auto,Motor gasoline price,-0.237865711
Gasoline.csv,lgaspcar:high,lrpmg,Years with high motor gasoline consumption per auto,Motor gasoline price,-0.274115375
Gasoline.csv,lgaspcar:high,lrpmg,Years with high motor gasoline consumption per auto,Motor gasoline price,-0.331672402
Gasoline.csv,lgaspcar:high,lrpmg,Years with high motor gasoline consumption per auto,Motor gasoline price,-0.351269185
Gasoline.csv,lgaspcar:high,lrpmg,Years with high motor gasoline consumption per auto,Motor gasoline price,-0.416850189
Gasoline.csv,lgaspcar:high,lrpmg,Years with high motor gasoline consumption per auto,Motor gasoline price,-0.46203546
Gasoline.csv,lgaspcar:high,lrpmg,Years with high motor gasoline consumption per auto,Motor gasoline price,-0.43941354
Gasoline.csv,lgaspcar:high,lrpmg,Years with high motor gasoline consumption per auto,Motor gasoline price,-0.521000937
Gasoline.csv,lgaspcar:high,lrpmg,Years with high motor gasoline consumption per auto,Motor gasoline price,-0.462707386
Gasoline.csv,lgaspcar:high,lrpmg,Years with high motor gasoline consumption per auto,Motor gasoline price,-0.201484804
Gasoline.csv,lgaspcar:high,lrpmg,Years with high motor gasoline consumption per auto,Motor gasoline price,-0.215992646
Gasoline.csv,lgaspcar:high,lrpmg,Years with high motor gasoline consumption per auto,Motor gasoline price,-0.259680081
Gasoline.csv,lgaspcar:high,lrpmg,Years with high motor gasoline consumption per auto,Motor gasoline price,-0.297186612
Gasoline.csv,lgaspcar:high,lrpmg,Years with high motor gasoline consumption per auto,Motor gasoline price,-0.369293894
Gasoline.csv,lgaspcar:high,lrpmg,Years with high motor gasoline consumption per auto,Motor gasoline price,-0.341975035
Gasoline.csv,lgaspcar:high,lrpmg,Years with high motor gasoline consumption per auto,Motor gasoline price,-0.348090075
Gasoline.csv,lgaspcar:high,lrpmg,Years with high motor gasoline consumption per auto,Motor gasoline price,-0.312320188
Gasoline.csv,lgaspcar:high,lrpmg,Years with high motor gasoline consumption per auto,Motor gasoline price,-0.139689574
Gasoline.csv,lgaspcar:high,lrpmg,Years with high motor gasoline consumption per auto,Motor gasoline price,-0.157905136
Gasoline.csv,lgaspcar:high,lrpmg,Years with high motor gasoline consumption per auto,Motor gasoline price,-0.199088094
Gasoline.csv,lgaspcar:high,lrpmg,Years with high motor gasoline consumption per auto,Motor gasoline price,-0.232633182
Gasoline.csv,lgaspcar:high,lrpmg,Years with high motor gasoline consumption per auto,Motor gasoline price,-0.263747306
Gasoline.csv,lgaspcar:high,lrpmg,Years with high motor gasoline consumption per auto,Motor gasoline price,-0.315931241
Gasoline.csv,lgaspcar:high,lrpmg,Years with high motor gasoline consumption per auto,Motor gasoline price,-0.300367747
Gasoline.csv,lgaspcar:high,lrpmg,Years with high motor gasoline consumption per auto,Motor gasoline price,-0.390725604
Gasoline.csv,lgaspcar:high,lrpmg,Years with high motor gasoline consumption per auto,Motor gasoline price,1.125310702
Gasoline.csv,lgaspcar:high,lrpmg,Years with high motor gasoline consumption per auto,Motor gasoline price,1.109562345
Gasoline.csv,lgaspcar:high,lrpmg,Years with high motor gasoline consumption per auto,Motor gasoline price,1.0570039371
Gasoline.csv,lgaspcar:high,lrpmg,Years with high motor gasoline consumption per auto,Motor gasoline price,0.9768353399
Gasoline.csv,lgaspcar:high,lrpmg,Years with high motor gasoline consumption per auto,Motor gasoline price,0.9153225397
Gasoline.csv,lgaspcar:high,lrpmg,Years with high motor gasoline consumption per auto,Motor gasoline price,0.8166605456
Gasoline.csv,lgaspcar:high,lrpmg,Years with high motor gasoline consumption per auto,Motor gasoline price,0.7567175094
Gasoline.csv,lgaspcar:high,lrpmg,Years with high motor gasoline consumption per auto,Motor gasoline price,-0.82321833
Gasoline.csv,lgaspcar:high,lrpmg,Years with high motor gasoline consumption per auto,Motor gasoline price,-0.865584726
Gasoline.csv,lgaspcar:high,lrpmg,Years with high motor gasoline consumption per auto,Motor gasoline price,-0.822185099
Gasoline.csv,lgaspcar:high,lrpmg,Years with high motor gasoline consumption per auto,Motor gasoline price,-0.86012004
Gasoline.csv,lgaspcar:high,lrpmg,Years with high motor gasoline consumption per auto,Motor gasoline price,-0.867676816
Gasoline.csv,lgaspcar:high,lrpmg,Years with high motor gasoline consumption per auto,Motor gasoline price,-0.905286677
Gasoline.csv,lgaspcar:high,lrpmg,Years with high motor gasoline consumption per auto,Motor gasoline price,-0.859566654
Gasoline.csv,lgaspcar:high,lrpmg,Years with high motor gasoline consumption per auto,Motor gasoline price,-0.906566708
Gasoline.csv,lgaspcar:high,lrpmg,Years with high motor gasoline consumption per auto,Motor gasoline price,-0.872325197
Gasoline.csv,lgaspcar:high,lrpmg,Years with high motor gasoline consumption per auto,Motor gasoline price,-0.918121616
Gasoline.csv,lgaspcar:high,lrpmg,Years with high motor gasoline consumption per auto,Motor gasoline price,-0.963441879
Gasoline.csv,lgaspcar:high,lrpmg,Years with high motor gasoline consumption per auto,Motor gasoline price,-1.037460815
Gasoline.csv,lgaspcar:high,lrpmg,Years with high motor gasoline consumption per auto,Motor gasoline price,-0.940153449
Gasoline.csv,lgaspcar:high,lrpmg,Years with high motor gasoline consumption per auto,Motor gasoline price,-0.867227561
Gasoline.csv,lgaspcar:high,lrpmg,Years with high motor gasoline consumption per auto,Motor gasoline price,-0.886923055
Gasoline.csv,lgaspcar:high,lrpmg,Years with high motor gasoline consumption per auto,Motor gasoline price,-0.884757903
Gasoline.csv,lgaspcar:high,lrpmg,Years with high motor gasoline consumption per auto,Motor gasoline price,-0.911472846
Gasoline.csv,lgaspcar:high,lrpmg,Years with high motor gasoline consumption per auto,Motor gasoline price,-0.253408214
Gasoline.csv,lgaspcar:high,lrpmg,Years with high motor gasoline consumption per auto,Motor gasoline price,-0.342523747
Gasoline.csv,lgaspcar:high,lrpmg,Years with high motor gasoline consumption per auto,Motor gasoline price,-0.408204836
Gasoline.csv,lgaspcar:high,lrpmg,Years with high motor gasoline consumption per auto,Motor gasoline price,-0.224991743
Gasoline.csv,lgaspcar:high,lrpmg,Years with high motor gasoline consumption per auto,Motor gasoline price,-0.252194478
Gasoline.csv,lgaspcar:high,lrpmg,Years with high motor gasoline consumption per auto,Motor gasoline price,-0.293476137
Gasoline.csv,lgaspcar:high,lrpmg,Years with high motor gasoline consumption per auto,Motor gasoline price,-0.356404907
Gasoline.csv,lgaspcar:high,lrpmg,Years with high motor gasoline consumption per auto,Motor gasoline price,-0.335150217
Gasoline.csv,lgaspcar:high,lrpmg,Years with high motor gasoline consumption per auto,Motor gasoline price,-0.365073857
Gasoline.csv,lgaspcar:high,lrpmg,Years with high motor gasoline consumption per auto,Motor gasoline price,-0.298454169
Gasoline.csv,lgaspcar:high,lrpmg,Years with high motor gasoline consumption per auto,Motor gasoline price,-0.398826478
Gasoline.csv,lgaspcar:high,lrpmg,Years with high motor gasoline consumption per auto,Motor gasoline price,-0.304618802
Gasoline.csv,lgaspcar:high,lrpmg,Years with high motor gasoline consumption per auto,Motor gasoline price,-0.546374241
Gasoline.csv,lgaspcar:high,lrpmg,Years with high motor gasoline consumption per auto,Motor gasoline price,-0.69162023
Gasoline.csv,lgaspcar:high,lrpmg,Years with high motor gasoline consumption per auto,Motor gasoline price,-0.339653079
Gasoline.csv,lgaspcar:high,lrpmg,Years with high motor gasoline consumption per auto,Motor gasoline price,-0.53794675
Gasoline.csv,lgaspcar:high,lrpmg,Years with high motor gasoline consumption per auto,Motor gasoline price,-0.751410272
Gasoline.csv,lgaspcar:high,lrpmg,Years with high motor gasoline consumption per auto,Motor gasoline price,-0.955524133
Gasoline.csv,lgaspcar:high,lrpmg,Years with high motor gasoline consumption per auto,Motor gasoline price,-0.352909612
Gasoline.csv,lgaspcar:high,lrpmg,Years with high motor gasoline consumption per auto,Motor gasoline price,-0.391085814
Gasoline.csv,lgaspcar:high,lrpmg,Years with high motor gasoline consumption per auto,Motor gasoline price,-0.451853076
Gasoline.csv,lgaspcar:high,lrpmg,Years with high motor gasoline consumption per auto,Motor gasoline price,-1.121114893
Gasoline.csv,lgaspcar:high,lrpmg,Years with high motor gasoline consumption per auto,Motor gasoline price,-1.146240338
Gasoline.csv,lgaspcar:high,lrpmg,Years with high motor gasoline consumption per auto,Motor gasoline price,-1.161874485
Gasoline.csv,lgaspcar:high,lrpmg,Years with high motor gasoline consumption per auto,Motor gasoline price,-1.179915236
Gasoline.csv,lgaspcar:high,lrpmg,Years with high motor gasoline consumption per auto,Motor gasoline price,-1.200262225
Gasoline.csv,lgaspcar:high,lrpmg,Years with high motor gasoline consumption per auto,Motor gasoline price,-1.194287499
Gasoline.csv,lgaspcar:high,lrpmg,Years with high motor gasoline consumption per auto,Motor gasoline price,-1.190260542
Gasoline.csv,lgaspcar:high,lrpmg,Years with high motor gasoline consumption per auto,Motor gasoline price,-1.189912151
Gasoline.csv,lgaspcar:high,lrpmg,Years with high motor gasoline consumption per auto,Motor gasoline price,-1.207300594
Gasoline.csv,lgaspcar:high,lrpmg,Years with high motor gasoline consumption per auto,Motor gasoline price,-1.22314272
Gasoline.csv,lgaspcar:high,lrpmg,Years with high motor gasoline consumption per auto,Motor gasoline price,-1.251763468
Gasoline.csv,lgaspcar:high,lrpmg,Years with high motor gasoline consumption per auto,Motor gasoline price,-1.281315598
Gasoline.csv,lgaspcar:high,lrpmg,Years with high motor gasoline consumption per auto,Motor gasoline price,-1.331169295
Gasoline.csv,lgaspcar:high,lrpmg,Years with high motor gasoline consumption per auto,Motor gasoline price,-1.290669666
Gasoline.csv,lgaspcar:high,lrpmg,Years with high motor gasoline consumption per auto,Motor gasoline price,-1.231466862
Gasoline.csv,lgaspcar:high,lrpmg,Years with high motor gasoline consumption per auto,Motor gasoline price,-1.200376972
Gasoline.csv,lgaspcar:high,lrpmg,Years with high motor gasoline consumption per auto,Motor gasoline price,-1.154681971
Gasoline.csv,lgaspcar:high,lrpmg,Years with high motor gasoline consumption per auto,Motor gasoline price,-1.175909738
Gasoline.csv,lgaspcar:high,lrpmg,Years with high motor gasoline consumption per auto,Motor gasoline price,-1.212061827
