fileName,oldGroupName,oldAttributeName,newGroupName,newAttributeName,attributeValue
new_dengue.csv,NoYes:0,h10pix90,Regions where Dengue was not observed,Max humidity,17.8086109161377
new_dengue.csv,NoYes:0,h10pix90,Regions where Dengue was not observed,Max humidity,11.6916704177856
new_dengue.csv,NoYes:0,h10pix90,Regions where Dengue was not observed,Max humidity,17.625280380249
new_dengue.csv,NoYes:0,h10pix90,Regions where Dengue was not observed,Max humidity,17.516939163208
new_dengue.csv,NoYes:0,h10pix90,Regions where Dengue was not observed,Max humidity,13.8430595397949
new_dengue.csv,NoYes:0,h10pix90,Regions where Dengue was not observed,Max humidity,11.6916704177856
new_dengue.csv,NoYes:0,h10pix90,Regions where Dengue was not observed,Max humidity,17.8947200775146
new_dengue.csv,NoYes:0,h10pix90,Regions where Dengue was not observed,Max humidity,15.2252798080444
new_dengue.csv,NoYes:0,h10pix90,Regions where Dengue was not observed,Max humidity,23.642219543457
new_dengue.csv,NoYes:0,h10pix90,Regions where Dengue was not observed,Max humidity,13.8430595397949
new_dengue.csv,NoYes:0,h10pix90,Regions where Dengue was not observed,Max humidity,17.8947200775146
new_dengue.csv,NoYes:0,h10pix90,Regions where Dengue was not observed,Max humidity,17.7736127853394
new_dengue.csv,NoYes:0,h10pix90,Regions where Dengue was not observed,Max humidity,17.9416694641113
new_dengue.csv,NoYes:0,h10pix90,Regions where Dengue was not observed,Max humidity,17.8947200775146
new_dengue.csv,NoYes:0,h10pix90,Regions where Dengue was not observed,Max humidity,17.8947200775146
new_dengue.csv,NoYes:0,h10pix90,Regions where Dengue was not observed,Max humidity,17.9416694641113
new_dengue.csv,NoYes:0,h10pix90,Regions where Dengue was not observed,Max humidity,24.4050006866455
new_dengue.csv,NoYes:0,h10pix90,Regions where Dengue was not observed,Max humidity,17.5152172088623
new_dengue.csv,NoYes:0,h10pix90,Regions where Dengue was not observed,Max humidity,17.8947200775146
new_dengue.csv,NoYes:0,h10pix90,Regions where Dengue was not observed,Max humidity,17.7663898468018
new_dengue.csv,NoYes:0,h10pix90,Regions where Dengue was not observed,Max humidity,21.6988857269287
new_dengue.csv,NoYes:0,h10pix90,Regions where Dengue was not observed,Max humidity,16.4186096191406
new_dengue.csv,NoYes:0,h10pix90,Regions where Dengue was not observed,Max humidity,17.625280380249
new_dengue.csv,NoYes:0,h10pix90,Regions where Dengue was not observed,Max humidity,17.8723320007324
new_dengue.csv,NoYes:0,h10pix90,Regions where Dengue was not observed,Max humidity,17.8505855560303
new_dengue.csv,NoYes:0,h10pix90,Regions where Dengue was not observed,Max humidity,17.9259422302246
new_dengue.csv,NoYes:0,h10pix90,Regions where Dengue was not observed,Max humidity,16.141939163208
new_dengue.csv,NoYes:0,h10pix90,Regions where Dengue was not observed,Max humidity,13.4276702880859
new_dengue.csv,NoYes:0,h10pix90,Regions where Dengue was not observed,Max humidity,17.1530521392822
new_dengue.csv,NoYes:0,h10pix90,Regions where Dengue was not observed,Max humidity,15.5422201156616
new_dengue.csv,NoYes:0,h10pix90,Regions where Dengue was not observed,Max humidity,15.5422201156616
new_dengue.csv,NoYes:0,h10pix90,Regions where Dengue was not observed,Max humidity,15.0141696929932
new_dengue.csv,NoYes:0,h10pix90,Regions where Dengue was not observed,Max humidity,15.0658302307129
new_dengue.csv,NoYes:0,h10pix90,Regions where Dengue was not observed,Max humidity,15.0658302307129
new_dengue.csv,NoYes:0,h10pix90,Regions where Dengue was not observed,Max humidity,15.0658302307129
new_dengue.csv,NoYes:0,h10pix90,Regions where Dengue was not observed,Max humidity,14.7661104202271
new_dengue.csv,NoYes:0,h10pix90,Regions where Dengue was not observed,Max humidity,15.0658302307129
new_dengue.csv,NoYes:0,h10pix90,Regions where Dengue was not observed,Max humidity,14.9241695404053
new_dengue.csv,NoYes:0,h10pix90,Regions where Dengue was not observed,Max humidity,15.3389149665833
new_dengue.csv,NoYes:0,h10pix90,Regions where Dengue was not observed,Max humidity,14.6575002670288
new_dengue.csv,NoYes:0,h10pix90,Regions where Dengue was not observed,Max humidity,15.0526678085327
new_dengue.csv,NoYes:0,h10pix90,Regions where Dengue was not observed,Max humidity,15.0051696777344
new_dengue.csv,NoYes:0,h10pix90,Regions where Dengue was not observed,Max humidity,15.0141696929932
new_dengue.csv,NoYes:0,h10pix90,Regions where Dengue was not observed,Max humidity,15.6997203826904
new_dengue.csv,NoYes:0,h10pix90,Regions where Dengue was not observed,Max humidity,15.4770260810852
new_dengue.csv,NoYes:0,h10pix90,Regions where Dengue was not observed,Max humidity,15.0141696929932
new_dengue.csv,NoYes:0,h10pix90,Regions where Dengue was not observed,Max humidity,15.0658302307129
new_dengue.csv,NoYes:0,h10pix90,Regions where Dengue was not observed,Max humidity,15.0141696929932
new_dengue.csv,NoYes:0,h10pix90,Regions where Dengue was not observed,Max humidity,16.4399440765381
new_dengue.csv,NoYes:0,h10pix90,Regions where Dengue was not observed,Max humidity,15.0658302307129
new_dengue.csv,NoYes:0,h10pix90,Regions where Dengue was not observed,Max humidity,15.5422201156616
new_dengue.csv,NoYes:0,h10pix90,Regions where Dengue was not observed,Max humidity,16.625
new_dengue.csv,NoYes:0,h10pix90,Regions where Dengue was not observed,Max humidity,13.9585557937622
new_dengue.csv,NoYes:0,h10pix90,Regions where Dengue was not observed,Max humidity,15.0141696929932
new_dengue.csv,NoYes:0,h10pix90,Regions where Dengue was not observed,Max humidity,15.0658302307129
new_dengue.csv,NoYes:0,h10pix90,Regions where Dengue was not observed,Max humidity,15.3497200012207
new_dengue.csv,NoYes:0,h10pix90,Regions where Dengue was not observed,Max humidity,14.6575002670288
new_dengue.csv,NoYes:0,h10pix90,Regions where Dengue was not observed,Max humidity,15.0141696929932
new_dengue.csv,NoYes:0,h10pix90,Regions where Dengue was not observed,Max humidity,15.0658302307129
new_dengue.csv,NoYes:0,h10pix90,Regions where Dengue was not observed,Max humidity,15.0658302307129
new_dengue.csv,NoYes:0,h10pix90,Regions where Dengue was not observed,Max humidity,15.6997203826904
new_dengue.csv,NoYes:0,h10pix90,Regions where Dengue was not observed,Max humidity,16.532472038269
new_dengue.csv,NoYes:0,h10pix90,Regions where Dengue was not observed,Max humidity,14.9241695404053
new_dengue.csv,NoYes:0,h10pix90,Regions where Dengue was not observed,Max humidity,15.471390247345
new_dengue.csv,NoYes:0,h10pix90,Regions where Dengue was not observed,Max humidity,15.6997203826904
new_dengue.csv,NoYes:0,h10pix90,Regions where Dengue was not observed,Max humidity,15.4694980621338
new_dengue.csv,NoYes:0,h10pix90,Regions where Dengue was not observed,Max humidity,15.0658302307129
new_dengue.csv,NoYes:0,h10pix90,Regions where Dengue was not observed,Max humidity,15.6997203826904
new_dengue.csv,NoYes:0,h10pix90,Regions where Dengue was not observed,Max humidity,15.0658302307129
new_dengue.csv,NoYes:0,h10pix90,Regions where Dengue was not observed,Max humidity,16.532472038269
new_dengue.csv,NoYes:0,h10pix90,Regions where Dengue was not observed,Max humidity,13.1878909111023
new_dengue.csv,NoYes:0,h10pix90,Regions where Dengue was not observed,Max humidity,16.8099994659424
new_dengue.csv,NoYes:0,h10pix90,Regions where Dengue was not observed,Max humidity,15.0606641769409
new_dengue.csv,NoYes:0,h10pix90,Regions where Dengue was not observed,Max humidity,14.0605602264404
new_dengue.csv,NoYes:0,h10pix90,Regions where Dengue was not observed,Max humidity,14.626669883728
new_dengue.csv,NoYes:0,h10pix90,Regions where Dengue was not observed,Max humidity,14.7416696548462
new_dengue.csv,NoYes:0,h10pix90,Regions where Dengue was not observed,Max humidity,14.6416702270508
new_dengue.csv,NoYes:0,h10pix90,Regions where Dengue was not observed,Max humidity,14.6416702270508
new_dengue.csv,NoYes:0,h10pix90,Regions where Dengue was not observed,Max humidity,14.626669883728
new_dengue.csv,NoYes:0,h10pix90,Regions where Dengue was not observed,Max humidity,14.3594398498535
new_dengue.csv,NoYes:0,h10pix90,Regions where Dengue was not observed,Max humidity,14.626669883728
new_dengue.csv,NoYes:0,h10pix90,Regions where Dengue was not observed,Max humidity,14.626669883728
new_dengue.csv,NoYes:0,h10pix90,Regions where Dengue was not observed,Max humidity,14.6416702270508
new_dengue.csv,NoYes:0,h10pix90,Regions where Dengue was not observed,Max humidity,14.626669883728
new_dengue.csv,NoYes:0,h10pix90,Regions where Dengue was not observed,Max humidity,14.7416696548462
new_dengue.csv,NoYes:0,h10pix90,Regions where Dengue was not observed,Max humidity,14.6416702270508
new_dengue.csv,NoYes:0,h10pix90,Regions where Dengue was not observed,Max humidity,13.0577802658081
new_dengue.csv,NoYes:0,h10pix90,Regions where Dengue was not observed,Max humidity,17.1187208175659
new_dengue.csv,NoYes:0,h10pix90,Regions where Dengue was not observed,Max humidity,18.561939239502
new_dengue.csv,NoYes:0,h10pix90,Regions where Dengue was not observed,Max humidity,22.5537227630615
new_dengue.csv,NoYes:0,h10pix90,Regions where Dengue was not observed,Max humidity,11.0649995803833
new_dengue.csv,NoYes:0,h10pix90,Regions where Dengue was not observed,Max humidity,18.9861167907715
new_dengue.csv,NoYes:0,h10pix90,Regions where Dengue was not observed,Max humidity,22.2405605316162
new_dengue.csv,NoYes:0,h10pix90,Regions where Dengue was not observed,Max humidity,19.8516693115234
new_dengue.csv,NoYes:0,h10pix90,Regions where Dengue was not observed,Max humidity,23.9132778167725
new_dengue.csv,NoYes:0,h10pix90,Regions where Dengue was not observed,Max humidity,21.4962230682373
new_dengue.csv,NoYes:0,h10pix90,Regions where Dengue was not observed,Max humidity,16.1338901519775
new_dengue.csv,NoYes:0,h10pix90,Regions where Dengue was not observed,Max humidity,17.4675006866455
new_dengue.csv,NoYes:0,h10pix90,Regions where Dengue was not observed,Max humidity,15.2997198104858
new_dengue.csv,NoYes:0,h10pix90,Regions where Dengue was not observed,Max humidity,22.2836093902588
new_dengue.csv,NoYes:0,h10pix90,Regions where Dengue was not observed,Max humidity,12.8362199783325
new_dengue.csv,NoYes:0,h10pix90,Regions where Dengue was not observed,Max humidity,13.210000038147
new_dengue.csv,NoYes:0,h10pix90,Regions where Dengue was not observed,Max humidity,22.7312507629395
new_dengue.csv,NoYes:0,h10pix90,Regions where Dengue was not observed,Max humidity,16.3899993896484
new_dengue.csv,NoYes:0,h10pix90,Regions where Dengue was not observed,Max humidity,16.7981678009033
new_dengue.csv,NoYes:0,h10pix90,Regions where Dengue was not observed,Max humidity,10.4747200012207
new_dengue.csv,NoYes:0,h10pix90,Regions where Dengue was not observed,Max humidity,21.4157527923584
new_dengue.csv,NoYes:0,h10pix90,Regions where Dengue was not observed,Max humidity,22.2405605316162
new_dengue.csv,NoYes:0,h10pix90,Regions where Dengue was not observed,Max humidity,8.2276668548584
new_dengue.csv,NoYes:0,h10pix90,Regions where Dengue was not observed,Max humidity,19.4617767333984
new_dengue.csv,NoYes:0,h10pix90,Regions where Dengue was not observed,Max humidity,17.4261093139648
new_dengue.csv,NoYes:0,h10pix90,Regions where Dengue was not observed,Max humidity,25.9155597686768
new_dengue.csv,NoYes:0,h10pix90,Regions where Dengue was not observed,Max humidity,12.5647201538086
new_dengue.csv,NoYes:0,h10pix90,Regions where Dengue was not observed,Max humidity,13.5505599975586
new_dengue.csv,NoYes:0,h10pix90,Regions where Dengue was not observed,Max humidity,14.1566696166992
new_dengue.csv,NoYes:0,h10pix90,Regions where Dengue was not observed,Max humidity,22.2941703796387
new_dengue.csv,NoYes:0,h10pix90,Regions where Dengue was not observed,Max humidity,12.4154739379883
new_dengue.csv,NoYes:0,h10pix90,Regions where Dengue was not observed,Max humidity,12.9707738876343
new_dengue.csv,NoYes:0,h10pix90,Regions where Dengue was not observed,Max humidity,12.2238903045654
new_dengue.csv,NoYes:0,h10pix90,Regions where Dengue was not observed,Max humidity,12.3320851325989
new_dengue.csv,NoYes:0,h10pix90,Regions where Dengue was not observed,Max humidity,12.874719619751
new_dengue.csv,NoYes:0,h10pix90,Regions where Dengue was not observed,Max humidity,12.7311096191406
new_dengue.csv,NoYes:0,h10pix90,Regions where Dengue was not observed,Max humidity,13.1072196960449
new_dengue.csv,NoYes:0,h10pix90,Regions where Dengue was not observed,Max humidity,13.2630596160889
new_dengue.csv,NoYes:0,h10pix90,Regions where Dengue was not observed,Max humidity,12.1002798080444
new_dengue.csv,NoYes:0,h10pix90,Regions where Dengue was not observed,Max humidity,22.0114688873291
new_dengue.csv,NoYes:0,h10pix90,Regions where Dengue was not observed,Max humidity,19.7555015563965
new_dengue.csv,NoYes:0,h10pix90,Regions where Dengue was not observed,Max humidity,19.5299453735352
new_dengue.csv,NoYes:0,h10pix90,Regions where Dengue was not observed,Max humidity,19.0033302307129
new_dengue.csv,NoYes:0,h10pix90,Regions where Dengue was not observed,Max humidity,20.4493347167969
new_dengue.csv,NoYes:0,h10pix90,Regions where Dengue was not observed,Max humidity,19.3738899230957
new_dengue.csv,NoYes:0,h10pix90,Regions where Dengue was not observed,Max humidity,19.7013893127441
new_dengue.csv,NoYes:0,h10pix90,Regions where Dengue was not observed,Max humidity,21.6779983520508
new_dengue.csv,NoYes:0,h10pix90,Regions where Dengue was not observed,Max humidity,18.6541404724121
new_dengue.csv,NoYes:0,h10pix90,Regions where Dengue was not observed,Max humidity,18.6079694747925
new_dengue.csv,NoYes:0,h10pix90,Regions where Dengue was not observed,Max humidity,11.1013898849487
new_dengue.csv,NoYes:0,h10pix90,Regions where Dengue was not observed,Max humidity,11.1013898849487
new_dengue.csv,NoYes:0,h10pix90,Regions where Dengue was not observed,Max humidity,11.1847200393677
new_dengue.csv,NoYes:0,h10pix90,Regions where Dengue was not observed,Max humidity,11.3623357772827
new_dengue.csv,NoYes:0,h10pix90,Regions where Dengue was not observed,Max humidity,11.0672197341919
new_dengue.csv,NoYes:0,h10pix90,Regions where Dengue was not observed,Max humidity,11.0945558547974
new_dengue.csv,NoYes:0,h10pix90,Regions where Dengue was not observed,Max humidity,11.1522247314453
new_dengue.csv,NoYes:0,h10pix90,Regions where Dengue was not observed,Max humidity,11.1847200393677
new_dengue.csv,NoYes:0,h10pix90,Regions where Dengue was not observed,Max humidity,11.3094396591187
new_dengue.csv,NoYes:0,h10pix90,Regions where Dengue was not observed,Max humidity,14.3594398498535
new_dengue.csv,NoYes:0,h10pix90,Regions where Dengue was not observed,Max humidity,29.1766700744629
new_dengue.csv,NoYes:0,h10pix90,Regions where Dengue was not observed,Max humidity,29.1766700744629
new_dengue.csv,NoYes:0,h10pix90,Regions where Dengue was not observed,Max humidity,29.3330593109131
new_dengue.csv,NoYes:0,h10pix90,Regions where Dengue was not observed,Max humidity,29.3330593109131
new_dengue.csv,NoYes:0,h10pix90,Regions where Dengue was not observed,Max humidity,9.9058334350586
new_dengue.csv,NoYes:0,h10pix90,Regions where Dengue was not observed,Max humidity,29.2924995422363
new_dengue.csv,NoYes:0,h10pix90,Regions where Dengue was not observed,Max humidity,30.6411094665527
new_dengue.csv,NoYes:0,h10pix90,Regions where Dengue was not observed,Max humidity,26.6433296203613
new_dengue.csv,NoYes:0,h10pix90,Regions where Dengue was not observed,Max humidity,31.0905609130859
new_dengue.csv,NoYes:0,h10pix90,Regions where Dengue was not observed,Max humidity,31.1341705322266
new_dengue.csv,NoYes:0,h10pix90,Regions where Dengue was not observed,Max humidity,29.2924995422363
new_dengue.csv,NoYes:0,h10pix90,Regions where Dengue was not observed,Max humidity,27.024169921875
new_dengue.csv,NoYes:0,h10pix90,Regions where Dengue was not observed,Max humidity,31.1341705322266
new_dengue.csv,NoYes:0,h10pix90,Regions where Dengue was not observed,Max humidity,27.3166694641113
new_dengue.csv,NoYes:0,h10pix90,Regions where Dengue was not observed,Max humidity,23.8948352813721
new_dengue.csv,NoYes:0,h10pix90,Regions where Dengue was not observed,Max humidity,27.3535015106201
new_dengue.csv,NoYes:0,h10pix90,Regions where Dengue was not observed,Max humidity,21.500560760498
new_dengue.csv,NoYes:0,h10pix90,Regions where Dengue was not observed,Max humidity,30.6411094665527
new_dengue.csv,NoYes:0,h10pix90,Regions where Dengue was not observed,Max humidity,30.6669406890869
new_dengue.csv,NoYes:0,h10pix90,Regions where Dengue was not observed,Max humidity,21.4258308410645
new_dengue.csv,NoYes:0,h10pix90,Regions where Dengue was not observed,Max humidity,26.5423320770264
new_dengue.csv,NoYes:0,h10pix90,Regions where Dengue was not observed,Max humidity,27.2900009155273
new_dengue.csv,NoYes:0,h10pix90,Regions where Dengue was not observed,Max humidity,25.9108295440674
new_dengue.csv,NoYes:0,h10pix90,Regions where Dengue was not observed,Max humidity,26.482780456543
new_dengue.csv,NoYes:0,h10pix90,Regions where Dengue was not observed,Max humidity,26.8563899993896
new_dengue.csv,NoYes:0,h10pix90,Regions where Dengue was not observed,Max humidity,26.482780456543
new_dengue.csv,NoYes:0,h10pix90,Regions where Dengue was not observed,Max humidity,25.7399997711182
new_dengue.csv,NoYes:0,h10pix90,Regions where Dengue was not observed,Max humidity,26.077220916748
new_dengue.csv,NoYes:0,h10pix90,Regions where Dengue was not observed,Max humidity,26.077220916748
new_dengue.csv,NoYes:0,h10pix90,Regions where Dengue was not observed,Max humidity,25.5208301544189
new_dengue.csv,NoYes:0,h10pix90,Regions where Dengue was not observed,Max humidity,26.2758293151855
new_dengue.csv,NoYes:0,h10pix90,Regions where Dengue was not observed,Max humidity,25.9108295440674
new_dengue.csv,NoYes:0,h10pix90,Regions where Dengue was not observed,Max humidity,25.9486103057861
new_dengue.csv,NoYes:0,h10pix90,Regions where Dengue was not observed,Max humidity,26.3938587188721
new_dengue.csv,NoYes:0,h10pix90,Regions where Dengue was not observed,Max humidity,13.2408337593079
new_dengue.csv,NoYes:0,h10pix90,Regions where Dengue was not observed,Max humidity,13.2230596542358
new_dengue.csv,NoYes:0,h10pix90,Regions where Dengue was not observed,Max humidity,13.637776184082
new_dengue.csv,NoYes:0,h10pix90,Regions where Dengue was not observed,Max humidity,13.1724996566772
new_dengue.csv,NoYes:0,h10pix90,Regions where Dengue was not observed,Max humidity,12.7269397735596
new_dengue.csv,NoYes:0,h10pix90,Regions where Dengue was not observed,Max humidity,13.9111399650574
new_dengue.csv,NoYes:0,h10pix90,Regions where Dengue was not observed,Max humidity,12.9486103057861
new_dengue.csv,NoYes:0,h10pix90,Regions where Dengue was not observed,Max humidity,13.9957218170166
new_dengue.csv,NoYes:0,h10pix90,Regions where Dengue was not observed,Max humidity,12.9486103057861
new_dengue.csv,NoYes:0,h10pix90,Regions where Dengue was not observed,Max humidity,25.5263900756836
new_dengue.csv,NoYes:0,h10pix90,Regions where Dengue was not observed,Max humidity,25.6086416244507
new_dengue.csv,NoYes:0,h10pix90,Regions where Dengue was not observed,Max humidity,25.228609085083
new_dengue.csv,NoYes:0,h10pix90,Regions where Dengue was not observed,Max humidity,25.4247207641602
new_dengue.csv,NoYes:0,h10pix90,Regions where Dengue was not observed,Max humidity,25.3911094665527
new_dengue.csv,NoYes:0,h10pix90,Regions where Dengue was not observed,Max humidity,25.3911094665527
new_dengue.csv,NoYes:0,h10pix90,Regions where Dengue was not observed,Max humidity,7.33416700363159
new_dengue.csv,NoYes:0,h10pix90,Regions where Dengue was not observed,Max humidity,10.4683303833008
new_dengue.csv,NoYes:0,h10pix90,Regions where Dengue was not observed,Max humidity,8.10111141204834
new_dengue.csv,NoYes:0,h10pix90,Regions where Dengue was not observed,Max humidity,10.4859998703003
new_dengue.csv,NoYes:0,h10pix90,Regions where Dengue was not observed,Max humidity,9.19777774810791
new_dengue.csv,NoYes:0,h10pix90,Regions where Dengue was not observed,Max humidity,5.84805583953857
new_dengue.csv,NoYes:0,h10pix90,Regions where Dengue was not observed,Max humidity,10.1820831298828
new_dengue.csv,NoYes:0,h10pix90,Regions where Dengue was not observed,Max humidity,10.7324450492859
new_dengue.csv,NoYes:0,h10pix90,Regions where Dengue was not observed,Max humidity,9.93166637420654
new_dengue.csv,NoYes:0,h10pix90,Regions where Dengue was not observed,Max humidity,9.86527824401855
new_dengue.csv,NoYes:0,h10pix90,Regions where Dengue was not observed,Max humidity,7.26527786254883
new_dengue.csv,NoYes:0,h10pix90,Regions where Dengue was not observed,Max humidity,8.00749969482422
new_dengue.csv,NoYes:0,h10pix90,Regions where Dengue was not observed,Max humidity,22.0919494628906
new_dengue.csv,NoYes:0,h10pix90,Regions where Dengue was not observed,Max humidity,20.8088893890381
new_dengue.csv,NoYes:0,h10pix90,Regions where Dengue was not observed,Max humidity,17.4290012359619
new_dengue.csv,NoYes:0,h10pix90,Regions where Dengue was not observed,Max humidity,22.392219543457
new_dengue.csv,NoYes:0,h10pix90,Regions where Dengue was not observed,Max humidity,23.0830528259277
new_dengue.csv,NoYes:0,h10pix90,Regions where Dengue was not observed,Max humidity,21.0161094665527
new_dengue.csv,NoYes:0,h10pix90,Regions where Dengue was not observed,Max humidity,21.0580535888672
new_dengue.csv,NoYes:0,h10pix90,Regions where Dengue was not observed,Max humidity,24.6811122894287
new_dengue.csv,NoYes:0,h10pix90,Regions where Dengue was not observed,Max humidity,25.8303333282471
new_dengue.csv,NoYes:0,h10pix90,Regions where Dengue was not observed,Max humidity,23.8212471008301
new_dengue.csv,NoYes:0,h10pix90,Regions where Dengue was not observed,Max humidity,25.7561092376709
new_dengue.csv,NoYes:0,h10pix90,Regions where Dengue was not observed,Max humidity,22.0919494628906
new_dengue.csv,NoYes:0,h10pix90,Regions where Dengue was not observed,Max humidity,23.8954998016357
new_dengue.csv,NoYes:0,h10pix90,Regions where Dengue was not observed,Max humidity,24.0304145812988
new_dengue.csv,NoYes:0,h10pix90,Regions where Dengue was not observed,Max humidity,27.9751419067383
new_dengue.csv,NoYes:0,h10pix90,Regions where Dengue was not observed,Max humidity,28.0405597686768
new_dengue.csv,NoYes:0,h10pix90,Regions where Dengue was not observed,Max humidity,28.1358325958252
new_dengue.csv,NoYes:0,h10pix90,Regions where Dengue was not observed,Max humidity,28.0506679534912
new_dengue.csv,NoYes:0,h10pix90,Regions where Dengue was not observed,Max humidity,26.7722206115723
new_dengue.csv,NoYes:0,h10pix90,Regions where Dengue was not observed,Max humidity,28.2522201538086
new_dengue.csv,NoYes:0,h10pix90,Regions where Dengue was not observed,Max humidity,27.8225002288818
new_dengue.csv,NoYes:0,h10pix90,Regions where Dengue was not observed,Max humidity,28.6780605316162
new_dengue.csv,NoYes:0,h10pix90,Regions where Dengue was not observed,Max humidity,27.8067222595215
new_dengue.csv,NoYes:0,h10pix90,Regions where Dengue was not observed,Max humidity,20.4325008392334
new_dengue.csv,NoYes:0,h10pix90,Regions where Dengue was not observed,Max humidity,23.1084438323975
new_dengue.csv,NoYes:0,h10pix90,Regions where Dengue was not observed,Max humidity,23.4974994659424
new_dengue.csv,NoYes:0,h10pix90,Regions where Dengue was not observed,Max humidity,19.1764987945557
new_dengue.csv,NoYes:0,h10pix90,Regions where Dengue was not observed,Max humidity,11.6345317840576
new_dengue.csv,NoYes:0,h10pix90,Regions where Dengue was not observed,Max humidity,16.7762817382813
new_dengue.csv,NoYes:0,h10pix90,Regions where Dengue was not observed,Max humidity,23.9449996948242
new_dengue.csv,NoYes:0,h10pix90,Regions where Dengue was not observed,Max humidity,9.7591667175293
new_dengue.csv,NoYes:0,h10pix90,Regions where Dengue was not observed,Max humidity,18.0001647949219
new_dengue.csv,NoYes:0,h10pix90,Regions where Dengue was not observed,Max humidity,15.1839424133301
new_dengue.csv,NoYes:0,h10pix90,Regions where Dengue was not observed,Max humidity,24.3207263946533
new_dengue.csv,NoYes:0,h10pix90,Regions where Dengue was not observed,Max humidity,19.2118606567383
new_dengue.csv,NoYes:0,h10pix90,Regions where Dengue was not observed,Max humidity,9.64977836608884
new_dengue.csv,NoYes:0,h10pix90,Regions where Dengue was not observed,Max humidity,24.7999992370605
new_dengue.csv,NoYes:0,h10pix90,Regions where Dengue was not observed,Max humidity,18.0314453125
new_dengue.csv,NoYes:0,h10pix90,Regions where Dengue was not observed,Max humidity,24.276448059082
new_dengue.csv,NoYes:0,h10pix90,Regions where Dengue was not observed,Max humidity,12.7916698455811
new_dengue.csv,NoYes:0,h10pix90,Regions where Dengue was not observed,Max humidity,12.019803237915
new_dengue.csv,NoYes:0,h10pix90,Regions where Dengue was not observed,Max humidity,16.1611396789551
new_dengue.csv,NoYes:0,h10pix90,Regions where Dengue was not observed,Max humidity,13.3765537261963
new_dengue.csv,NoYes:0,h10pix90,Regions where Dengue was not observed,Max humidity,19.2400863647461
new_dengue.csv,NoYes:0,h10pix90,Regions where Dengue was not observed,Max humidity,16.475830078125
new_dengue.csv,NoYes:0,h10pix90,Regions where Dengue was not observed,Max humidity,16.7591125488281
new_dengue.csv,NoYes:0,h10pix90,Regions where Dengue was not observed,Max humidity,18.2094402313232
new_dengue.csv,NoYes:0,h10pix90,Regions where Dengue was not observed,Max humidity,23.1402797698975
new_dengue.csv,NoYes:0,h10pix90,Regions where Dengue was not observed,Max humidity,14.0578082084656
new_dengue.csv,NoYes:0,h10pix90,Regions where Dengue was not observed,Max humidity,25.7931413650513
new_dengue.csv,NoYes:0,h10pix90,Regions where Dengue was not observed,Max humidity,14.3400001525879
new_dengue.csv,NoYes:0,h10pix90,Regions where Dengue was not observed,Max humidity,10.7355604171753
new_dengue.csv,NoYes:0,h10pix90,Regions where Dengue was not observed,Max humidity,18.6012763977051
new_dengue.csv,NoYes:0,h10pix90,Regions where Dengue was not observed,Max humidity,12.7022199630737
new_dengue.csv,NoYes:0,h10pix90,Regions where Dengue was not observed,Max humidity,17.3411102294922
new_dengue.csv,NoYes:0,h10pix90,Regions where Dengue was not observed,Max humidity,13.2994403839111
new_dengue.csv,NoYes:0,h10pix90,Regions where Dengue was not observed,Max humidity,14.5691699981689
new_dengue.csv,NoYes:0,h10pix90,Regions where Dengue was not observed,Max humidity,13.6435523986816
new_dengue.csv,NoYes:0,h10pix90,Regions where Dengue was not observed,Max humidity,12.0074996948242
new_dengue.csv,NoYes:0,h10pix90,Regions where Dengue was not observed,Max humidity,9.21205596923828
new_dengue.csv,NoYes:0,h10pix90,Regions where Dengue was not observed,Max humidity,13.2994403839111
new_dengue.csv,NoYes:0,h10pix90,Regions where Dengue was not observed,Max humidity,14.3045562744141
new_dengue.csv,NoYes:0,h10pix90,Regions where Dengue was not observed,Max humidity,25.4583301544189
new_dengue.csv,NoYes:0,h10pix90,Regions where Dengue was not observed,Max humidity,28.6780605316162
new_dengue.csv,NoYes:0,h10pix90,Regions where Dengue was not observed,Max humidity,28.9182235717773
new_dengue.csv,NoYes:0,h10pix90,Regions where Dengue was not observed,Max humidity,29.2205600738525
new_dengue.csv,NoYes:0,h10pix90,Regions where Dengue was not observed,Max humidity,23.7451362609863
new_dengue.csv,NoYes:0,h10pix90,Regions where Dengue was not observed,Max humidity,28.3313903808594
new_dengue.csv,NoYes:0,h10pix90,Regions where Dengue was not observed,Max humidity,29.2880596160889
new_dengue.csv,NoYes:0,h10pix90,Regions where Dengue was not observed,Max humidity,25.9967527389526
new_dengue.csv,NoYes:0,h10pix90,Regions where Dengue was not observed,Max humidity,26.3683300018311
new_dengue.csv,NoYes:0,h10pix90,Regions where Dengue was not observed,Max humidity,26.0935840606689
new_dengue.csv,NoYes:0,h10pix90,Regions where Dengue was not observed,Max humidity,27.499439239502
new_dengue.csv,NoYes:0,h10pix90,Regions where Dengue was not observed,Max humidity,26.0799999237061
new_dengue.csv,NoYes:0,h10pix90,Regions where Dengue was not observed,Max humidity,26.3683300018311
new_dengue.csv,NoYes:0,h10pix90,Regions where Dengue was not observed,Max humidity,26.6493316650391
new_dengue.csv,NoYes:0,h10pix90,Regions where Dengue was not observed,Max humidity,26.3606395721436
new_dengue.csv,NoYes:0,h10pix90,Regions where Dengue was not observed,Max humidity,27.499439239502
new_dengue.csv,NoYes:0,h10pix90,Regions where Dengue was not observed,Max humidity,26.2227802276611
new_dengue.csv,NoYes:0,h10pix90,Regions where Dengue was not observed,Max humidity,26.1847217559814
new_dengue.csv,NoYes:0,h10pix90,Regions where Dengue was not observed,Max humidity,26.1574993133545
new_dengue.csv,NoYes:0,h10pix90,Regions where Dengue was not observed,Max humidity,24.1629199981689
new_dengue.csv,NoYes:0,h10pix90,Regions where Dengue was not observed,Max humidity,26.1475002288818
new_dengue.csv,NoYes:0,h10pix90,Regions where Dengue was not observed,Max humidity,26.7148292541504
new_dengue.csv,NoYes:0,h10pix90,Regions where Dengue was not observed,Max humidity,26.4352754592895
new_dengue.csv,NoYes:0,h10pix90,Regions where Dengue was not observed,Max humidity,21.8316707611084
new_dengue.csv,NoYes:0,h10pix90,Regions where Dengue was not observed,Max humidity,17.5083293914795
new_dengue.csv,NoYes:0,h10pix90,Regions where Dengue was not observed,Max humidity,17.5083293914795
new_dengue.csv,NoYes:0,h10pix90,Regions where Dengue was not observed,Max humidity,17.5083293914795
new_dengue.csv,NoYes:0,h10pix90,Regions where Dengue was not observed,Max humidity,10.2559400558472
new_dengue.csv,NoYes:0,h10pix90,Regions where Dengue was not observed,Max humidity,9.8752784729004
new_dengue.csv,NoYes:0,h10pix90,Regions where Dengue was not observed,Max humidity,10.2636900901794
new_dengue.csv,NoYes:0,h10pix90,Regions where Dengue was not observed,Max humidity,9.97611141204834
new_dengue.csv,NoYes:0,h10pix90,Regions where Dengue was not observed,Max humidity,10.244939994812
new_dengue.csv,NoYes:1,h10pix90,Regions where Dengue was observed,Max humidity,25.1580600738525
new_dengue.csv,NoYes:1,h10pix90,Regions where Dengue was observed,Max humidity,25.1580600738525
new_dengue.csv,NoYes:1,h10pix90,Regions where Dengue was observed,Max humidity,27.8225002288818
new_dengue.csv,NoYes:1,h10pix90,Regions where Dengue was observed,Max humidity,22.2013610839844
new_dengue.csv,NoYes:1,h10pix90,Regions where Dengue was observed,Max humidity,26.4575004577637
new_dengue.csv,NoYes:1,h10pix90,Regions where Dengue was observed,Max humidity,26.2461109161377
new_dengue.csv,NoYes:1,h10pix90,Regions where Dengue was observed,Max humidity,22.8669490814209
new_dengue.csv,NoYes:1,h10pix90,Regions where Dengue was observed,Max humidity,25.1580600738525
new_dengue.csv,NoYes:1,h10pix90,Regions where Dengue was observed,Max humidity,24.2133293151855
new_dengue.csv,NoYes:1,h10pix90,Regions where Dengue was observed,Max humidity,26.2461109161377
new_dengue.csv,NoYes:1,h10pix90,Regions where Dengue was observed,Max humidity,24.4002799987793
new_dengue.csv,NoYes:1,h10pix90,Regions where Dengue was observed,Max humidity,22.8206119537354
new_dengue.csv,NoYes:1,h10pix90,Regions where Dengue was observed,Max humidity,26.8134414672852
new_dengue.csv,NoYes:1,h10pix90,Regions where Dengue was observed,Max humidity,27.4816703796387
new_dengue.csv,NoYes:1,h10pix90,Regions where Dengue was observed,Max humidity,26.2997207641602
new_dengue.csv,NoYes:1,h10pix90,Regions where Dengue was observed,Max humidity,25.8284749984741
new_dengue.csv,NoYes:1,h10pix90,Regions where Dengue was observed,Max humidity,26.9524459838867
new_dengue.csv,NoYes:1,h10pix90,Regions where Dengue was observed,Max humidity,26.6522197723389
new_dengue.csv,NoYes:1,h10pix90,Regions where Dengue was observed,Max humidity,27.1766700744629
new_dengue.csv,NoYes:1,h10pix90,Regions where Dengue was observed,Max humidity,28.148609161377
new_dengue.csv,NoYes:1,h10pix90,Regions where Dengue was observed,Max humidity,28.148609161377
new_dengue.csv,NoYes:1,h10pix90,Regions where Dengue was observed,Max humidity,28.4052791595459
new_dengue.csv,NoYes:1,h10pix90,Regions where Dengue was observed,Max humidity,28.148609161377
new_dengue.csv,NoYes:1,h10pix90,Regions where Dengue was observed,Max humidity,28.851110458374
new_dengue.csv,NoYes:1,h10pix90,Regions where Dengue was observed,Max humidity,28.851110458374
new_dengue.csv,NoYes:1,h10pix90,Regions where Dengue was observed,Max humidity,28.851110458374
new_dengue.csv,NoYes:1,h10pix90,Regions where Dengue was observed,Max humidity,28.851110458374
new_dengue.csv,NoYes:1,h10pix90,Regions where Dengue was observed,Max humidity,28.851110458374
new_dengue.csv,NoYes:1,h10pix90,Regions where Dengue was observed,Max humidity,28.851110458374
new_dengue.csv,NoYes:1,h10pix90,Regions where Dengue was observed,Max humidity,25.6294452667236
new_dengue.csv,NoYes:1,h10pix90,Regions where Dengue was observed,Max humidity,27.1974487304688
new_dengue.csv,NoYes:1,h10pix90,Regions where Dengue was observed,Max humidity,30.0038312911987
new_dengue.csv,NoYes:1,h10pix90,Regions where Dengue was observed,Max humidity,29.8209976196289
new_dengue.csv,NoYes:1,h10pix90,Regions where Dengue was observed,Max humidity,25.7970825195313
new_dengue.csv,NoYes:1,h10pix90,Regions where Dengue was observed,Max humidity,30.5773345947266
new_dengue.csv,NoYes:1,h10pix90,Regions where Dengue was observed,Max humidity,25.5534412384033
new_dengue.csv,NoYes:1,h10pix90,Regions where Dengue was observed,Max humidity,27.9363367080688
new_dengue.csv,NoYes:1,h10pix90,Regions where Dengue was observed,Max humidity,24.3033634185791
new_dengue.csv,NoYes:1,h10pix90,Regions where Dengue was observed,Max humidity,27.327220916748
new_dengue.csv,NoYes:1,h10pix90,Regions where Dengue was observed,Max humidity,27.0391693115234
new_dengue.csv,NoYes:1,h10pix90,Regions where Dengue was observed,Max humidity,27.9316692352295
new_dengue.csv,NoYes:1,h10pix90,Regions where Dengue was observed,Max humidity,24.7999992370605
new_dengue.csv,NoYes:1,h10pix90,Regions where Dengue was observed,Max humidity,28.9083309173584
new_dengue.csv,NoYes:1,h10pix90,Regions where Dengue was observed,Max humidity,27.583890914917
new_dengue.csv,NoYes:1,h10pix90,Regions where Dengue was observed,Max humidity,27.327220916748
new_dengue.csv,NoYes:1,h10pix90,Regions where Dengue was observed,Max humidity,27.327220916748
new_dengue.csv,NoYes:1,h10pix90,Regions where Dengue was observed,Max humidity,27.9561100006104
new_dengue.csv,NoYes:1,h10pix90,Regions where Dengue was observed,Max humidity,26.6416645050049
new_dengue.csv,NoYes:1,h10pix90,Regions where Dengue was observed,Max humidity,27.3796684265137
new_dengue.csv,NoYes:1,h10pix90,Regions where Dengue was observed,Max humidity,29.298059463501
new_dengue.csv,NoYes:1,h10pix90,Regions where Dengue was observed,Max humidity,28.9083309173584
new_dengue.csv,NoYes:1,h10pix90,Regions where Dengue was observed,Max humidity,28.7612218856812
new_dengue.csv,NoYes:1,h10pix90,Regions where Dengue was observed,Max humidity,29.3330593109131
new_dengue.csv,NoYes:1,h10pix90,Regions where Dengue was observed,Max humidity,29.3330593109131
new_dengue.csv,NoYes:1,h10pix90,Regions where Dengue was observed,Max humidity,29.7474994659424
new_dengue.csv,NoYes:1,h10pix90,Regions where Dengue was observed,Max humidity,26.9225006103516
new_dengue.csv,NoYes:1,h10pix90,Regions where Dengue was observed,Max humidity,26.3349990844727
new_dengue.csv,NoYes:1,h10pix90,Regions where Dengue was observed,Max humidity,25.6990543365479
new_dengue.csv,NoYes:1,h10pix90,Regions where Dengue was observed,Max humidity,31.0905609130859
new_dengue.csv,NoYes:1,h10pix90,Regions where Dengue was observed,Max humidity,30.4495000839233
new_dengue.csv,NoYes:1,h10pix90,Regions where Dengue was observed,Max humidity,25.8110034942627
new_dengue.csv,NoYes:1,h10pix90,Regions where Dengue was observed,Max humidity,29.2924995422363
new_dengue.csv,NoYes:1,h10pix90,Regions where Dengue was observed,Max humidity,25.5849990844727
new_dengue.csv,NoYes:1,h10pix90,Regions where Dengue was observed,Max humidity,24.032332611084
new_dengue.csv,NoYes:1,h10pix90,Regions where Dengue was observed,Max humidity,27.9349994659424
new_dengue.csv,NoYes:1,h10pix90,Regions where Dengue was observed,Max humidity,31.0905609130859
new_dengue.csv,NoYes:1,h10pix90,Regions where Dengue was observed,Max humidity,29.7235820770264
new_dengue.csv,NoYes:1,h10pix90,Regions where Dengue was observed,Max humidity,25.9911098480225
new_dengue.csv,NoYes:1,h10pix90,Regions where Dengue was observed,Max humidity,25.9911098480225
new_dengue.csv,NoYes:1,h10pix90,Regions where Dengue was observed,Max humidity,25.3911094665527
new_dengue.csv,NoYes:1,h10pix90,Regions where Dengue was observed,Max humidity,28.9930553436279
new_dengue.csv,NoYes:1,h10pix90,Regions where Dengue was observed,Max humidity,28.9155597686768
new_dengue.csv,NoYes:1,h10pix90,Regions where Dengue was observed,Max humidity,28.9155597686768
new_dengue.csv,NoYes:1,h10pix90,Regions where Dengue was observed,Max humidity,29.120804977417
new_dengue.csv,NoYes:1,h10pix90,Regions where Dengue was observed,Max humidity,28.9155597686768
new_dengue.csv,NoYes:1,h10pix90,Regions where Dengue was observed,Max humidity,29.298059463501
new_dengue.csv,NoYes:1,h10pix90,Regions where Dengue was observed,Max humidity,28.9155597686768
new_dengue.csv,NoYes:1,h10pix90,Regions where Dengue was observed,Max humidity,29.298059463501
new_dengue.csv,NoYes:1,h10pix90,Regions where Dengue was observed,Max humidity,28.9155597686768
new_dengue.csv,NoYes:1,h10pix90,Regions where Dengue was observed,Max humidity,28.9155597686768
new_dengue.csv,NoYes:1,h10pix90,Regions where Dengue was observed,Max humidity,29.1436100006104
new_dengue.csv,NoYes:1,h10pix90,Regions where Dengue was observed,Max humidity,28.9155597686768
new_dengue.csv,NoYes:1,h10pix90,Regions where Dengue was observed,Max humidity,28.9155597686768
new_dengue.csv,NoYes:1,h10pix90,Regions where Dengue was observed,Max humidity,28.9155597686768
new_dengue.csv,NoYes:1,h10pix90,Regions where Dengue was observed,Max humidity,28.9155597686768
new_dengue.csv,NoYes:1,h10pix90,Regions where Dengue was observed,Max humidity,28.9155597686768
new_dengue.csv,NoYes:1,h10pix90,Regions where Dengue was observed,Max humidity,28.9155597686768
new_dengue.csv,NoYes:1,h10pix90,Regions where Dengue was observed,Max humidity,28.9155597686768
new_dengue.csv,NoYes:1,h10pix90,Regions where Dengue was observed,Max humidity,29.6433296203613
new_dengue.csv,NoYes:1,h10pix90,Regions where Dengue was observed,Max humidity,26.7722206115723
new_dengue.csv,NoYes:1,h10pix90,Regions where Dengue was observed,Max humidity,26.7722206115723
new_dengue.csv,NoYes:1,h10pix90,Regions where Dengue was observed,Max humidity,26.7722206115723
new_dengue.csv,NoYes:1,h10pix90,Regions where Dengue was observed,Max humidity,26.7722206115723
new_dengue.csv,NoYes:1,h10pix90,Regions where Dengue was observed,Max humidity,25.6922206878662
new_dengue.csv,NoYes:1,h10pix90,Regions where Dengue was observed,Max humidity,26.7722206115723
new_dengue.csv,NoYes:1,h10pix90,Regions where Dengue was observed,Max humidity,26.4529993057251
new_dengue.csv,NoYes:1,h10pix90,Regions where Dengue was observed,Max humidity,27.6672765731812
new_dengue.csv,NoYes:1,h10pix90,Regions where Dengue was observed,Max humidity,26.6747207641602
new_dengue.csv,NoYes:1,h10pix90,Regions where Dengue was observed,Max humidity,26.708610534668
new_dengue.csv,NoYes:1,h10pix90,Regions where Dengue was observed,Max humidity,25.1511096954346
new_dengue.csv,NoYes:1,h10pix90,Regions where Dengue was observed,Max humidity,25.1511096954346
new_dengue.csv,NoYes:1,h10pix90,Regions where Dengue was observed,Max humidity,27.5316696166992
new_dengue.csv,NoYes:1,h10pix90,Regions where Dengue was observed,Max humidity,29.3330593109131
new_dengue.csv,NoYes:1,h10pix90,Regions where Dengue was observed,Max humidity,29.3330593109131
new_dengue.csv,NoYes:1,h10pix90,Regions where Dengue was observed,Max humidity,29.3330593109131
new_dengue.csv,NoYes:1,h10pix90,Regions where Dengue was observed,Max humidity,29.3330593109131
new_dengue.csv,NoYes:1,h10pix90,Regions where Dengue was observed,Max humidity,27.4899997711182
new_dengue.csv,NoYes:1,h10pix90,Regions where Dengue was observed,Max humidity,30.7158298492432
new_dengue.csv,NoYes:1,h10pix90,Regions where Dengue was observed,Max humidity,29.725830078125
new_dengue.csv,NoYes:1,h10pix90,Regions where Dengue was observed,Max humidity,29.3054454803467
new_dengue.csv,NoYes:1,h10pix90,Regions where Dengue was observed,Max humidity,29.3174991607666
new_dengue.csv,NoYes:1,h10pix90,Regions where Dengue was observed,Max humidity,30.2417827606201
new_dengue.csv,NoYes:1,h10pix90,Regions where Dengue was observed,Max humidity,29.725830078125
new_dengue.csv,NoYes:1,h10pix90,Regions where Dengue was observed,Max humidity,29.725830078125
new_dengue.csv,NoYes:1,h10pix90,Regions where Dengue was observed,Max humidity,29.725830078125
new_dengue.csv,NoYes:1,h10pix90,Regions where Dengue was observed,Max humidity,29.725830078125
new_dengue.csv,NoYes:1,h10pix90,Regions where Dengue was observed,Max humidity,29.7511100769043
new_dengue.csv,NoYes:1,h10pix90,Regions where Dengue was observed,Max humidity,30.2742486953735
new_dengue.csv,NoYes:1,h10pix90,Regions where Dengue was observed,Max humidity,29.725830078125
new_dengue.csv,NoYes:1,h10pix90,Regions where Dengue was observed,Max humidity,29.3174991607666
new_dengue.csv,NoYes:1,h10pix90,Regions where Dengue was observed,Max humidity,29.725830078125
new_dengue.csv,NoYes:1,h10pix90,Regions where Dengue was observed,Max humidity,29.725830078125
new_dengue.csv,NoYes:1,h10pix90,Regions where Dengue was observed,Max humidity,29.725830078125
new_dengue.csv,NoYes:1,h10pix90,Regions where Dengue was observed,Max humidity,29.8859420776367
new_dengue.csv,NoYes:1,h10pix90,Regions where Dengue was observed,Max humidity,29.725830078125
new_dengue.csv,NoYes:1,h10pix90,Regions where Dengue was observed,Max humidity,29.725830078125
new_dengue.csv,NoYes:1,h10pix90,Regions where Dengue was observed,Max humidity,29.725830078125
new_dengue.csv,NoYes:1,h10pix90,Regions where Dengue was observed,Max humidity,29.725830078125
new_dengue.csv,NoYes:1,h10pix90,Regions where Dengue was observed,Max humidity,29.725830078125
new_dengue.csv,NoYes:1,h10pix90,Regions where Dengue was observed,Max humidity,29.725830078125
new_dengue.csv,NoYes:1,h10pix90,Regions where Dengue was observed,Max humidity,30.5997200012207
new_dengue.csv,NoYes:1,h10pix90,Regions where Dengue was observed,Max humidity,29.4956079483032
new_dengue.csv,NoYes:1,h10pix90,Regions where Dengue was observed,Max humidity,29.725830078125
new_dengue.csv,NoYes:1,h10pix90,Regions where Dengue was observed,Max humidity,29.725830078125
new_dengue.csv,NoYes:1,h10pix90,Regions where Dengue was observed,Max humidity,29.725830078125
new_dengue.csv,NoYes:1,h10pix90,Regions where Dengue was observed,Max humidity,29.725830078125
new_dengue.csv,NoYes:1,h10pix90,Regions where Dengue was observed,Max humidity,29.725830078125
new_dengue.csv,NoYes:1,h10pix90,Regions where Dengue was observed,Max humidity,29.4399984359741
new_dengue.csv,NoYes:1,h10pix90,Regions where Dengue was observed,Max humidity,29.1749992370605
new_dengue.csv,NoYes:1,h10pix90,Regions where Dengue was observed,Max humidity,29.1669406890869
new_dengue.csv,NoYes:1,h10pix90,Regions where Dengue was observed,Max humidity,29.1733875274658
new_dengue.csv,NoYes:1,h10pix90,Regions where Dengue was observed,Max humidity,29.1749992370605
new_dengue.csv,NoYes:1,h10pix90,Regions where Dengue was observed,Max humidity,29.1741933822632
new_dengue.csv,NoYes:1,h10pix90,Regions where Dengue was observed,Max humidity,29.1669406890869
new_dengue.csv,NoYes:1,h10pix90,Regions where Dengue was observed,Max humidity,29.1669406890869
new_dengue.csv,NoYes:1,h10pix90,Regions where Dengue was observed,Max humidity,28.085608291626
new_dengue.csv,NoYes:1,h10pix90,Regions where Dengue was observed,Max humidity,27.149001121521
new_dengue.csv,NoYes:1,h10pix90,Regions where Dengue was observed,Max humidity,27.5316696166992
new_dengue.csv,NoYes:1,h10pix90,Regions where Dengue was observed,Max humidity,27.1766700744629
new_dengue.csv,NoYes:1,h10pix90,Regions where Dengue was observed,Max humidity,27.1766700744629
new_dengue.csv,NoYes:1,h10pix90,Regions where Dengue was observed,Max humidity,27.1766700744629
new_dengue.csv,NoYes:1,h10pix90,Regions where Dengue was observed,Max humidity,27.1766700744629
new_dengue.csv,NoYes:1,h10pix90,Regions where Dengue was observed,Max humidity,27.1766700744629
new_dengue.csv,NoYes:1,h10pix90,Regions where Dengue was observed,Max humidity,27.0844402313232
new_dengue.csv,NoYes:1,h10pix90,Regions where Dengue was observed,Max humidity,27.1766700744629
new_dengue.csv,NoYes:1,h10pix90,Regions where Dengue was observed,Max humidity,27.1766700744629
new_dengue.csv,NoYes:1,h10pix90,Regions where Dengue was observed,Max humidity,27.1766700744629
new_dengue.csv,NoYes:1,h10pix90,Regions where Dengue was observed,Max humidity,27.1766700744629
new_dengue.csv,NoYes:1,h10pix90,Regions where Dengue was observed,Max humidity,27.1766700744629
new_dengue.csv,NoYes:1,h10pix90,Regions where Dengue was observed,Max humidity,27.110559463501
new_dengue.csv,NoYes:1,h10pix90,Regions where Dengue was observed,Max humidity,30.3172206878662
new_dengue.csv,NoYes:1,h10pix90,Regions where Dengue was observed,Max humidity,30.3172206878662
new_dengue.csv,NoYes:1,h10pix90,Regions where Dengue was observed,Max humidity,30.3172206878662
new_dengue.csv,NoYes:1,h10pix90,Regions where Dengue was observed,Max humidity,30.3172206878662
new_dengue.csv,NoYes:1,h10pix90,Regions where Dengue was observed,Max humidity,27.7894401550293
new_dengue.csv,NoYes:1,h10pix90,Regions where Dengue was observed,Max humidity,27.7894401550293
new_dengue.csv,NoYes:1,h10pix90,Regions where Dengue was observed,Max humidity,28.041109085083
new_dengue.csv,NoYes:1,h10pix90,Regions where Dengue was observed,Max humidity,28.041109085083
new_dengue.csv,NoYes:1,h10pix90,Regions where Dengue was observed,Max humidity,28.041109085083
new_dengue.csv,NoYes:1,h10pix90,Regions where Dengue was observed,Max humidity,27.7894401550293
new_dengue.csv,NoYes:1,h10pix90,Regions where Dengue was observed,Max humidity,28.041109085083
new_dengue.csv,NoYes:1,h10pix90,Regions where Dengue was observed,Max humidity,27.7894401550293
new_dengue.csv,NoYes:1,h10pix90,Regions where Dengue was observed,Max humidity,28.041109085083
new_dengue.csv,NoYes:1,h10pix90,Regions where Dengue was observed,Max humidity,27.7894401550293
new_dengue.csv,NoYes:1,h10pix90,Regions where Dengue was observed,Max humidity,27.7894401550293
new_dengue.csv,NoYes:1,h10pix90,Regions where Dengue was observed,Max humidity,28.041109085083
new_dengue.csv,NoYes:1,h10pix90,Regions where Dengue was observed,Max humidity,28.041109085083
new_dengue.csv,NoYes:1,h10pix90,Regions where Dengue was observed,Max humidity,28.041109085083
new_dengue.csv,NoYes:1,h10pix90,Regions where Dengue was observed,Max humidity,28.3171165466309
new_dengue.csv,NoYes:1,h10pix90,Regions where Dengue was observed,Max humidity,28.1561107635498
new_dengue.csv,NoYes:1,h10pix90,Regions where Dengue was observed,Max humidity,29.725830078125
new_dengue.csv,NoYes:1,h10pix90,Regions where Dengue was observed,Max humidity,28.1576128005981
new_dengue.csv,NoYes:1,h10pix90,Regions where Dengue was observed,Max humidity,28.2491703033447
new_dengue.csv,NoYes:1,h10pix90,Regions where Dengue was observed,Max humidity,27.7642467498779
new_dengue.csv,NoYes:1,h10pix90,Regions where Dengue was observed,Max humidity,29.725830078125
new_dengue.csv,NoYes:1,h10pix90,Regions where Dengue was observed,Max humidity,28.1561107635498
new_dengue.csv,NoYes:1,h10pix90,Regions where Dengue was observed,Max humidity,29.7025539398193
new_dengue.csv,NoYes:1,h10pix90,Regions where Dengue was observed,Max humidity,28.225830078125
new_dengue.csv,NoYes:1,h10pix90,Regions where Dengue was observed,Max humidity,28.2491703033447
new_dengue.csv,NoYes:1,h10pix90,Regions where Dengue was observed,Max humidity,28.5097263336182
new_dengue.csv,NoYes:1,h10pix90,Regions where Dengue was observed,Max humidity,29.362003326416
new_dengue.csv,NoYes:1,h10pix90,Regions where Dengue was observed,Max humidity,29.7508327484131
new_dengue.csv,NoYes:1,h10pix90,Regions where Dengue was observed,Max humidity,29.3967826843262
new_dengue.csv,NoYes:1,h10pix90,Regions where Dengue was observed,Max humidity,28.1561107635498
new_dengue.csv,NoYes:1,h10pix90,Regions where Dengue was observed,Max humidity,28.6172199249268
new_dengue.csv,NoYes:1,h10pix90,Regions where Dengue was observed,Max humidity,29.6442253112793
new_dengue.csv,NoYes:1,h10pix90,Regions where Dengue was observed,Max humidity,29.656001663208
new_dengue.csv,NoYes:1,h10pix90,Regions where Dengue was observed,Max humidity,29.3330593109131
new_dengue.csv,NoYes:1,h10pix90,Regions where Dengue was observed,Max humidity,30.3172206878662
new_dengue.csv,NoYes:1,h10pix90,Regions where Dengue was observed,Max humidity,28.232780456543
new_dengue.csv,NoYes:1,h10pix90,Regions where Dengue was observed,Max humidity,29.1749992370605
new_dengue.csv,NoYes:1,h10pix90,Regions where Dengue was observed,Max humidity,29.1749992370605
new_dengue.csv,NoYes:1,h10pix90,Regions where Dengue was observed,Max humidity,28.4013900756836
new_dengue.csv,NoYes:1,h10pix90,Regions where Dengue was observed,Max humidity,29.1669406890869
new_dengue.csv,NoYes:1,h10pix90,Regions where Dengue was observed,Max humidity,28.232780456543
new_dengue.csv,NoYes:1,h10pix90,Regions where Dengue was observed,Max humidity,29.1741933822632
new_dengue.csv,NoYes:1,h10pix90,Regions where Dengue was observed,Max humidity,30.3172206878662
new_dengue.csv,NoYes:1,h10pix90,Regions where Dengue was observed,Max humidity,30.2226400375366
new_dengue.csv,NoYes:1,h10pix90,Regions where Dengue was observed,Max humidity,30.3172206878662
new_dengue.csv,NoYes:1,h10pix90,Regions where Dengue was observed,Max humidity,30.3172206878662
new_dengue.csv,NoYes:1,h10pix90,Regions where Dengue was observed,Max humidity,30.3172206878662
new_dengue.csv,NoYes:1,h10pix90,Regions where Dengue was observed,Max humidity,28.4609424591064
new_dengue.csv,NoYes:1,h10pix90,Regions where Dengue was observed,Max humidity,30.3172206878662
new_dengue.csv,NoYes:1,h10pix90,Regions where Dengue was observed,Max humidity,30.3172206878662
new_dengue.csv,NoYes:1,h10pix90,Regions where Dengue was observed,Max humidity,27.6558303833008
new_dengue.csv,NoYes:1,h10pix90,Regions where Dengue was observed,Max humidity,23.5577793121338
new_dengue.csv,NoYes:1,h10pix90,Regions where Dengue was observed,Max humidity,23.5577793121338
new_dengue.csv,NoYes:1,h10pix90,Regions where Dengue was observed,Max humidity,27.6558303833008
new_dengue.csv,NoYes:1,h10pix90,Regions where Dengue was observed,Max humidity,25.0901653289795
new_dengue.csv,NoYes:1,h10pix90,Regions where Dengue was observed,Max humidity,30.5
new_dengue.csv,NoYes:1,h10pix90,Regions where Dengue was observed,Max humidity,26.2450008392334
new_dengue.csv,NoYes:1,h10pix90,Regions where Dengue was observed,Max humidity,26.3674722671509
new_dengue.csv,NoYes:1,h10pix90,Regions where Dengue was observed,Max humidity,26.9516696929932
new_dengue.csv,NoYes:1,h10pix90,Regions where Dengue was observed,Max humidity,26.3756084442139
new_dengue.csv,NoYes:1,h10pix90,Regions where Dengue was observed,Max humidity,29.0588893890381
new_dengue.csv,NoYes:1,h10pix90,Regions where Dengue was observed,Max humidity,29.0588893890381
new_dengue.csv,NoYes:1,h10pix90,Regions where Dengue was observed,Max humidity,29.0588893890381
new_dengue.csv,NoYes:1,h10pix90,Regions where Dengue was observed,Max humidity,29.0588893890381
new_dengue.csv,NoYes:1,h10pix90,Regions where Dengue was observed,Max humidity,29.0983629226685
new_dengue.csv,NoYes:1,h10pix90,Regions where Dengue was observed,Max humidity,29.0588893890381
new_dengue.csv,NoYes:1,h10pix90,Regions where Dengue was observed,Max humidity,29.1398361206055
new_dengue.csv,NoYes:1,h10pix90,Regions where Dengue was observed,Max humidity,29.0588893890381
new_dengue.csv,NoYes:1,h10pix90,Regions where Dengue was observed,Max humidity,28.7980533599854
new_dengue.csv,NoYes:1,h10pix90,Regions where Dengue was observed,Max humidity,28.7493919372559
new_dengue.csv,NoYes:1,h10pix90,Regions where Dengue was observed,Max humidity,28.041109085083
new_dengue.csv,NoYes:1,h10pix90,Regions where Dengue was observed,Max humidity,28.232780456543
new_dengue.csv,NoYes:1,h10pix90,Regions where Dengue was observed,Max humidity,28.232780456543
new_dengue.csv,NoYes:1,h10pix90,Regions where Dengue was observed,Max humidity,28.232780456543
new_dengue.csv,NoYes:1,h10pix90,Regions where Dengue was observed,Max humidity,28.232780456543
new_dengue.csv,NoYes:1,h10pix90,Regions where Dengue was observed,Max humidity,28.232780456543
new_dengue.csv,NoYes:1,h10pix90,Regions where Dengue was observed,Max humidity,28.232780456543
new_dengue.csv,NoYes:1,h10pix90,Regions where Dengue was observed,Max humidity,28.851110458374
new_dengue.csv,NoYes:1,h10pix90,Regions where Dengue was observed,Max humidity,28.232780456543
new_dengue.csv,NoYes:1,h10pix90,Regions where Dengue was observed,Max humidity,28.232780456543
new_dengue.csv,NoYes:1,h10pix90,Regions where Dengue was observed,Max humidity,28.232780456543
new_dengue.csv,NoYes:1,h10pix90,Regions where Dengue was observed,Max humidity,28.232780456543
new_dengue.csv,NoYes:1,h10pix90,Regions where Dengue was observed,Max humidity,28.232780456543
new_dengue.csv,NoYes:1,h10pix90,Regions where Dengue was observed,Max humidity,28.232780456543
new_dengue.csv,NoYes:1,h10pix90,Regions where Dengue was observed,Max humidity,28.232780456543
new_dengue.csv,NoYes:1,h10pix90,Regions where Dengue was observed,Max humidity,28.232780456543
new_dengue.csv,NoYes:1,h10pix90,Regions where Dengue was observed,Max humidity,28.232780456543
new_dengue.csv,NoYes:1,h10pix90,Regions where Dengue was observed,Max humidity,28.232780456543
new_dengue.csv,NoYes:1,h10pix90,Regions where Dengue was observed,Max humidity,28.4838905334473
new_dengue.csv,NoYes:1,h10pix90,Regions where Dengue was observed,Max humidity,28.6738899230957
new_dengue.csv,NoYes:1,h10pix90,Regions where Dengue was observed,Max humidity,29.0463043212891
new_dengue.csv,NoYes:1,h10pix90,Regions where Dengue was observed,Max humidity,28.5088901519775
new_dengue.csv,NoYes:1,h10pix90,Regions where Dengue was observed,Max humidity,28.5088901519775
new_dengue.csv,NoYes:1,h10pix90,Regions where Dengue was observed,Max humidity,28.5088901519775
new_dengue.csv,NoYes:1,h10pix90,Regions where Dengue was observed,Max humidity,28.5088901519775
new_dengue.csv,NoYes:1,h10pix90,Regions where Dengue was observed,Max humidity,28.5088901519775
new_dengue.csv,NoYes:1,h10pix90,Regions where Dengue was observed,Max humidity,28.5088901519775
new_dengue.csv,NoYes:1,h10pix90,Regions where Dengue was observed,Max humidity,28.5088901519775
new_dengue.csv,NoYes:1,h10pix90,Regions where Dengue was observed,Max humidity,28.5088901519775
new_dengue.csv,NoYes:1,h10pix90,Regions where Dengue was observed,Max humidity,28.5088901519775
new_dengue.csv,NoYes:1,h10pix90,Regions where Dengue was observed,Max humidity,28.5088901519775
new_dengue.csv,NoYes:1,h10pix90,Regions where Dengue was observed,Max humidity,28.5531427383423
new_dengue.csv,NoYes:1,h10pix90,Regions where Dengue was observed,Max humidity,28.5088901519775
new_dengue.csv,NoYes:1,h10pix90,Regions where Dengue was observed,Max humidity,28.5088901519775
new_dengue.csv,NoYes:1,h10pix90,Regions where Dengue was observed,Max humidity,28.5088901519775
new_dengue.csv,NoYes:1,h10pix90,Regions where Dengue was observed,Max humidity,28.5088901519775
new_dengue.csv,NoYes:1,h10pix90,Regions where Dengue was observed,Max humidity,28.9313907623291
new_dengue.csv,NoYes:1,h10pix90,Regions where Dengue was observed,Max humidity,28.5088901519775
new_dengue.csv,NoYes:1,h10pix90,Regions where Dengue was observed,Max humidity,28.5088901519775
new_dengue.csv,NoYes:1,h10pix90,Regions where Dengue was observed,Max humidity,29.016939163208
new_dengue.csv,NoYes:1,h10pix90,Regions where Dengue was observed,Max humidity,28.5088901519775
new_dengue.csv,NoYes:1,h10pix90,Regions where Dengue was observed,Max humidity,28.5088901519775
new_dengue.csv,NoYes:1,h10pix90,Regions where Dengue was observed,Max humidity,28.5088901519775
new_dengue.csv,NoYes:1,h10pix90,Regions where Dengue was observed,Max humidity,28.5088901519775
new_dengue.csv,NoYes:1,h10pix90,Regions where Dengue was observed,Max humidity,28.9313907623291
new_dengue.csv,NoYes:1,h10pix90,Regions where Dengue was observed,Max humidity,28.6480598449707
new_dengue.csv,NoYes:1,h10pix90,Regions where Dengue was observed,Max humidity,28.6480598449707
new_dengue.csv,NoYes:1,h10pix90,Regions where Dengue was observed,Max humidity,28.6480598449707
new_dengue.csv,NoYes:1,h10pix90,Regions where Dengue was observed,Max humidity,30.6669406890869
new_dengue.csv,NoYes:1,h10pix90,Regions where Dengue was observed,Max humidity,28.6480598449707
new_dengue.csv,NoYes:1,h10pix90,Regions where Dengue was observed,Max humidity,28.6480598449707
new_dengue.csv,NoYes:1,h10pix90,Regions where Dengue was observed,Max humidity,28.6480598449707
new_dengue.csv,NoYes:1,h10pix90,Regions where Dengue was observed,Max humidity,28.8551397323608
new_dengue.csv,NoYes:1,h10pix90,Regions where Dengue was observed,Max humidity,28.6480598449707
new_dengue.csv,NoYes:1,h10pix90,Regions where Dengue was observed,Max humidity,30.5340251922607
new_dengue.csv,NoYes:1,h10pix90,Regions where Dengue was observed,Max humidity,27.1766700744629
new_dengue.csv,NoYes:1,h10pix90,Regions where Dengue was observed,Max humidity,27.1766700744629
new_dengue.csv,NoYes:1,h10pix90,Regions where Dengue was observed,Max humidity,27.7894401550293
new_dengue.csv,NoYes:1,h10pix90,Regions where Dengue was observed,Max humidity,27.1766700744629
new_dengue.csv,NoYes:1,h10pix90,Regions where Dengue was observed,Max humidity,27.1766700744629
new_dengue.csv,NoYes:1,h10pix90,Regions where Dengue was observed,Max humidity,27.1766700744629
new_dengue.csv,NoYes:1,h10pix90,Regions where Dengue was observed,Max humidity,27.7894401550293
new_dengue.csv,NoYes:1,h10pix90,Regions where Dengue was observed,Max humidity,29.1749992370605
new_dengue.csv,NoYes:1,h10pix90,Regions where Dengue was observed,Max humidity,29.1749992370605
new_dengue.csv,NoYes:1,h10pix90,Regions where Dengue was observed,Max humidity,29.1749992370605
new_dengue.csv,NoYes:1,h10pix90,Regions where Dengue was observed,Max humidity,29.1749992370605
