subjectID,condition,reasonable,trust,flaw,awareness
1,noScatterplot,2.0,2,No,2
2,noScatterplot,2.0,2,No,1
3,noScatterplot,0.8888888888888888,2,No,2
4,noScatterplot,1.7777777777777777,1,No,1
5,noScatterplot,1.4444444444444444,2,No,1
6,noScatterplot,1.8888888888888888,2,Yes,2
7,noScatterplot,1.4444444444444444,1,Yes,0
8,noScatterplot,0.4444444444444444,2,No,2
9,noScatterplot,1.2222222222222223,1,No,3
10,noScatterplot,1.7777777777777777,2,No,-1
11,noScatterplot,2.0,2,No,3
12,noScatterplot,1.5555555555555556,2,Yes,3
13,noScatterplot,1.7777777777777777,0,No,1
14,noScatterplot,2.0,2,No,3
15,noScatterplot,0.5555555555555556,0,No,1
16,noScatterplot,2.7777777777777777,3,No,3
17,noScatterplot,2.3333333333333335,2,No,-2
18,noScatterplot,1.3333333333333333,2,No,2
19,noScatterplot,1.3333333333333333,1,No,1
20,noScatterplot,2.0,3,No,3
21,noScatterplot,1.3333333333333333,2,No,1
22,noScatterplot,1.3333333333333333,0,No,0
23,noScatterplot,1.7777777777777777,3,No,2
24,noScatterplot,2.0,2,No,1
25,noScatterplot,2.7777777777777777,2,No,3
26,noScatterplot,2.4444444444444446,3,No,3
27,noScatterplot,1.2222222222222223,1,No,-3
28,noScatterplot,1.8888888888888888,2,No,2
29,noScatterplot,0.1111111111111111,1,No,-1
30,noScatterplot,2.3333333333333335,3,No,3
31,noScatterplot,0.8888888888888888,2,No,2
32,noScatterplot,1.2222222222222223,1,No,3
33,noScatterplot,1.3333333333333333,2,No,3
34,noScatterplot,1.1111111111111112,1,Yes,0
35,noScatterplot,1.6666666666666667,3,No,2
36,noScatterplot,1.1111111111111112,2,Yes,1
37,noScatterplot,2.0,2,Yes,2
38,noScatterplot,1.8888888888888888,2,No,2
39,noScatterplot,0.3333333333333333,1,No,0
40,noScatterplot,1.6666666666666667,3,No,3
41,noScatterplot,2.0,2,No,2
42,noScatterplot,2.2222222222222223,1,Yes,3
43,noScatterplot,1.6666666666666667,2,No,3
44,noScatterplot,2.111111111111111,2,No,2
45,noScatterplot,1.3333333333333333,3,No,2
46,noScatterplot,2.2222222222222223,3,No,3
47,noScatterplot,0.8888888888888888,2,No,1
48,noScatterplot,2.0,2,No,2
49,noScatterplot,1.1111111111111112,1,No,1
50,noScatterplot,1.5555555555555556,2,No,3
51,scatterplotOnly,1.6666666666666667,3,No,3
52,scatterplotOnly,2.2222222222222223,2,Yes,3
53,scatterplotOnly,1.5555555555555556,2,No,2
54,scatterplotOnly,1.1111111111111112,0,No,3
55,scatterplotOnly,2.5555555555555554,2,No,3
56,scatterplotOnly,0.8888888888888888,2,No,3
57,scatterplotOnly,2.111111111111111,1,No,-3
58,scatterplotOnly,1.2222222222222223,2,No,1
59,scatterplotOnly,2.4444444444444446,2,Yes,1
60,scatterplotOnly,0.8888888888888888,2,Yes,1
61,scatterplotOnly,2.0,2,Yes,2
62,scatterplotOnly,1.6666666666666667,3,No,2
63,scatterplotOnly,2.888888888888889,3,No,3
64,scatterplotOnly,0.5555555555555556,1,No,3
65,scatterplotOnly,3.0,2,No,3
66,scatterplotOnly,3.0,3,Yes,3
67,scatterplotOnly,2.2222222222222223,2,No,2
68,scatterplotOnly,1.3333333333333333,2,No,3
69,scatterplotOnly,1.5555555555555556,2,No,2
70,scatterplotOnly,2.7777777777777777,3,Yes,1
71,scatterplotOnly,2.5555555555555554,2,No,2
72,scatterplotOnly,1.0,0,No,0
73,scatterplotOnly,0.7777777777777778,2,No,3
74,scatterplotOnly,2.6666666666666665,2,No,3
75,scatterplotOnly,1.3333333333333333,1,No,2
76,scatterplotOnly,2.4444444444444446,2,No,3
77,scatterplotOnly,2.111111111111111,2,No,2
78,scatterplotOnly,0.7777777777777778,3,No,3
79,scatterplotOnly,2.6666666666666665,2,No,3
80,scatterplotOnly,2.7777777777777777,0,Yes,3
81,scatterplotOnly,1.6666666666666667,1,No,2
82,scatterplotOnly,2.4444444444444446,2,Yes,3
83,scatterplotOnly,2.4444444444444446,2,No,-2
84,scatterplotOnly,2.5555555555555554,2,Yes,2
85,scatterplotOnly,2.5555555555555554,0,No,2
86,scatterplotOnly,2.111111111111111,0,Yes,0
87,scatterplotOnly,1.6666666666666667,2,No,2
88,scatterplotOnly,1.7777777777777777,2,No,1
89,scatterplotOnly,2.4444444444444446,3,No,3
90,scatterplotOnly,0.6666666666666666,-2,Yes,3
91,scatterplotOnly,1.0,0,No,1
92,scatterplotOnly,2.3333333333333335,2,Yes,3
93,scatterplotOnly,1.0,2,No,2
94,scatterplotOnly,2.4444444444444446,2,Yes,3
95,scatterplotOnly,1.4444444444444444,2,Yes,2
96,scatterplotOnly,1.5555555555555556,3,No,2
97,scatterplotOnly,-0.3333333333333333,2,No,2
98,scatterplotOnly,2.2222222222222223,2,No,2
99,scatterplotOnly,0.5555555555555556,1,No,1
100,scatterplotOnly,1.8888888888888888,2,No,2
101,scatterplotText,0.4444444444444444,0,No,-2
102,scatterplotText,1.8888888888888888,1,No,2
103,scatterplotText,2.888888888888889,3,No,1
104,scatterplotText,0.0,3,Yes,0
105,scatterplotText,0.6666666666666666,-1,Yes,1
106,scatterplotText,2.2222222222222223,2,No,2
107,scatterplotText,1.5555555555555556,2,No,0
108,scatterplotText,1.0,2,Yes,1
109,scatterplotText,2.5555555555555554,2,No,2
110,scatterplotText,1.6666666666666667,0,No,3
111,scatterplotText,1.3333333333333333,1,No,1
112,scatterplotText,2.888888888888889,3,No,1
113,scatterplotText,3.0,3,No,3
114,scatterplotText,3.0,3,No,3
115,scatterplotText,1.0,2,No,1
116,scatterplotText,1.5555555555555556,2,No,1
117,scatterplotText,1.1111111111111112,3,No,3
118,scatterplotText,0.3333333333333333,2,No,3
119,scatterplotText,2.5555555555555554,3,No,3
120,scatterplotText,1.2222222222222223,2,No,2
121,scatterplotText,2.7777777777777777,2,Yes,2
122,scatterplotText,2.5555555555555554,3,No,3
123,scatterplotText,1.1111111111111112,2,No,3
124,scatterplotText,1.3333333333333333,2,No,1
125,scatterplotText,1.7777777777777777,2,No,2
126,scatterplotText,1.0,0,No,1
127,scatterplotText,2.4444444444444446,1,No,3
128,scatterplotText,2.6666666666666665,3,No,3
129,scatterplotText,0.4444444444444444,1,No,1
130,scatterplotText,3.0,1,No,3
131,scatterplotText,2.111111111111111,2,No,2
132,scatterplotText,1.4444444444444444,1,No,1
133,scatterplotText,1.5555555555555556,2,No,2
134,scatterplotText,1.6666666666666667,2,No,3
135,scatterplotText,0.5555555555555556,0,No,1
136,scatterplotText,2.6666666666666665,3,No,3
137,scatterplotText,1.8888888888888888,3,No,0
138,scatterplotText,0.8888888888888888,1,No,1
139,scatterplotText,1.3333333333333333,1,Yes,2
140,scatterplotText,1.0,0,No,-1
141,scatterplotText,2.3333333333333335,2,No,3
142,scatterplotText,1.1111111111111112,0,No,0
143,scatterplotText,2.111111111111111,2,No,2
144,scatterplotText,2.7777777777777777,2,Yes,1
145,scatterplotText,2.111111111111111,-1,No,2
146,scatterplotText,1.8888888888888888,1,No,2
147,scatterplotText,1.5555555555555556,1,Yes,1
148,scatterplotText,2.4444444444444446,3,No,3
149,scatterplotText,2.111111111111111,3,No,2
150,scatterplotText,1.5555555555555556,2,No,2
151,scatterplotCaveat,1.6666666666666667,2,No,2
152,scatterplotCaveat,2.111111111111111,2,No,1
153,scatterplotCaveat,1.7777777777777777,2,No,2
154,scatterplotCaveat,0.7777777777777778,1,No,0
155,scatterplotCaveat,3.0,3,No,3
156,scatterplotCaveat,2.0,2,No,-1
157,scatterplotCaveat,1.8888888888888888,1,No,2
158,scatterplotCaveat,2.2222222222222223,3,Yes,3
159,scatterplotCaveat,0.5555555555555556,2,No,2
160,scatterplotCaveat,2.0,2,Yes,3
161,scatterplotCaveat,1.5555555555555556,2,Yes,2
162,scatterplotCaveat,0.1111111111111111,0,Yes,2
163,scatterplotCaveat,0.7777777777777778,1,No,3
164,scatterplotCaveat,1.4444444444444444,3,No,3
165,scatterplotCaveat,1.5555555555555556,2,No,2
166,scatterplotCaveat,1.5555555555555556,2,No,1
167,scatterplotCaveat,2.888888888888889,2,No,2
168,scatterplotCaveat,-0.4444444444444444,1,Yes,2
169,scatterplotCaveat,2.5555555555555554,2,No,3
170,scatterplotCaveat,2.111111111111111,3,No,-1
171,scatterplotCaveat,2.0,2,No,3
172,scatterplotCaveat,2.4444444444444446,1,No,3
173,scatterplotCaveat,2.0,2,No,3
174,scatterplotCaveat,1.8888888888888888,0,No,0
175,scatterplotCaveat,1.6666666666666667,-1,No,2
176,scatterplotCaveat,1.1111111111111112,1,No,2
177,scatterplotCaveat,1.4444444444444444,1,No,2
178,scatterplotCaveat,1.3333333333333333,2,No,1
179,scatterplotCaveat,1.0,0,No,0
180,scatterplotCaveat,2.2222222222222223,2,No,2
181,scatterplotCaveat,2.2222222222222223,2,No,3
182,scatterplotCaveat,0.4444444444444444,0,No,1
183,scatterplotCaveat,1.4444444444444444,2,No,1
184,scatterplotCaveat,1.2222222222222223,2,No,2
185,scatterplotCaveat,2.3333333333333335,3,No,1
186,scatterplotCaveat,0.4444444444444444,1,No,2
187,scatterplotCaveat,1.0,0,Yes,3
188,scatterplotCaveat,1.5555555555555556,2,No,2
189,scatterplotCaveat,2.5555555555555554,-3,Yes,0
190,scatterplotCaveat,2.4444444444444446,3,No,2
191,scatterplotCaveat,1.2222222222222223,2,No,2
192,scatterplotCaveat,0.5555555555555556,1,No,2
193,scatterplotCaveat,2.111111111111111,2,No,2
194,scatterplotCaveat,1.4444444444444444,2,No,2
195,scatterplotCaveat,1.0,0,No,0
196,scatterplotCaveat,2.2222222222222223,3,No,3
197,scatterplotCaveat,3.0,2,No,3
198,scatterplotCaveat,0.5555555555555556,0,No,2
199,scatterplotCaveat,0.7777777777777778,0,No,2
200,scatterplotCaveat,2.6666666666666665,3,No,3
