City,Country,Continent,Region,English-speaking?,Olympics-hosting?,Northern hemisphere?,Western hemisphere?,Over 3M people in city proper?,Prevalence of Violent crime,Threat of military conflict,Threat of terrorism,Level of social or religious restrictions,Level of censorship,Availability of well known sports events,Availability of sporting facilities,Availability of classic music concerts,Availability of bars or coffee shops,Availability of nightclubs,Availability of restaurants,Availability of quality hotels,Quality of road network,Quality of public transport,Availability of good quality housing,Quality of Electricity provision,Quality of Water provision,Corruption,Climate rating,Healthcare indicators,Education indicators
Abidjan,Ivory Coast,Africa,North Africa,0,0,1,0,1,4,4,4,2,3,4,3,5,2,2,2,2,4,4,2,2,3,4,4,5,5
Abu Dhabi,UAE,Middle East,Middle East,0,0,1,0,0,1,2,2,3,3,4,1,3,1,4,1,1,2,2,1,2,2,2,4,3,3
Adelaide,Australia,Oceania,Oceania,0,0,0,0,0,1,1,1,1,1,2,1,2,1,1,1,1,1,1,2,1,1,1,2,1,1
Al Khobar,Saudi Arabia,Middle East,Middle East,0,0,1,0,0,1,2,4,5,4,5,3,4,3,5,1,1,3,4,2,2,2,4,3,3,4
Algiers,Algeria,Africa,North Africa,0,0,1,0,0,3,2,4,3,3,5,3,4,2,3,3,4,3,5,3,3,4,4,4,3,3
Almaty,Kazakhstan,Asia,Asia,0,0,1,0,0,2,1,2,2,3,2,3,4,2,3,2,3,3,3,3,3,2,4,2,2,2
Amman,Jordan,Middle East,Middle East,0,0,1,0,0,2,2,3,3,2,5,2,3,2,4,3,1,3,4,1,2,3,3,2,1,2
Amsterdam,Netherlands,Europe,Western Europe,0,1,1,0,0,2,1,2,1,1,1,1,1,1,1,1,1,1,1,2,1,1,1,1,1,1
Asuncion,Paraguay,South America,South America,0,0,1,1,0,4,1,1,1,1,3,1,2,1,1,1,1,3,4,2,2,2,4,3,3,3
Athens,Greece,Europe,Eastern Europe,0,1,1,0,0,1,2,2,1,1,3,2,2,1,1,1,1,3,2,2,2,2,3,2,1,2
Atlanta,USA,North America,North America,1,1,1,1,0,2,1,2,1,1,1,1,1,1,1,1,1,2,2,1,1,1,2,2,1,1
Auckland,New Zealand,Oceania,Oceania,1,0,0,0,0,1,1,1,1,1,2,1,2,1,1,1,1,2,2,1,1,1,1,1,1,1
Bahrain,Bahrain,Middle East,Middle East,0,0,1,0,0,2,2,3,2,2,2,1,3,2,2,1,1,2,3,1,2,2,3,3,3,2
Baku,Azerbaijan,Middle East,Middle East,0,0,1,0,0,3,1,3,2,2,5,3,4,2,2,2,2,4,4,3,3,2,5,2,3,2
Bandar Seri Begawan,Brunei,Asia,Asia,0,0,1,0,0,1,2,2,4,3,4,3,2,3,5,2,2,1,4,2,2,3,4,4,3,2
Bangkok,Thailand,Asia,Asia,0,0,1,0,0,2,3,3,1,3,3,2,3,1,1,1,1,4,3,2,1,1,4,4,4,1
Barcelona,Spain,Europe,Western Europe,0,1,1,0,0,2,1,2,1,1,1,1,1,1,1,1,1,1,1,2,1,1,2,2,2,1
Beijing,China,Asia,Asia,0,1,1,0,1,2,1,1,2,3,1,1,1,1,1,1,1,2,2,2,1,1,4,3,4,3
Belgrade,Serbia,Europe,Eastern Europe,0,0,1,0,0,3,2,2,2,2,2,2,2,1,2,2,3,3,3,3,1,2,4,2,1,2
Berlin,Germany,Europe,Western Europe,0,1,1,0,1,2,1,2,1,1,1,1,1,1,1,1,1,1,1,1,1,1,1,2,1,2
Bogota,Columbia,South America,South America,0,0,1,0,1,4,3,3,2,2,3,3,2,1,1,1,2,3,4,2,2,2,4,1,3,3
Boston,USA,North America,North America,1,0,1,1,0,2,1,2,1,1,1,1,1,1,1,1,1,1,2,1,1,1,2,2,1,1
Bratislava,Slovakia,Europe,Eastern Europe,0,0,1,0,0,2,1,1,1,1,2,2,2,1,1,1,1,3,3,2,2,2,4,2,3,3
Brisbane,Australia,Oceania,Oceania,1,0,0,0,0,1,1,1,1,1,2,1,1,1,1,1,1,1,2,2,1,2,1,2,1,1
Brussels,Belgium,Europe,Western Europe,0,0,1,0,0,2,1,2,1,1,2,1,2,1,1,1,1,2,2,1,1,1,2,1,1,1
Bucharest,Romania,Europe,Eastern Europe,0,0,1,0,0,2,1,1,1,1,4,3,3,2,2,1,2,3,3,3,2,2,4,2,3,2
Budapest,Hungary,Europe,Eastern Europe,0,0,1,0,0,2,1,1,1,1,1,1,1,1,1,1,1,2,2,2,1,1,3,2,1,1
Buenos Aires,Argentina,South America,South America,0,0,0,1,0,3,1,2,1,1,2,1,2,1,1,1,1,2,3,1,1,1,4,2,1,1
Cairo,Eygpt,Africa,North Africa,0,0,1,0,1,2,2,3,3,3,4,4,3,2,3,2,2,3,4,3,2,3,4,2,3,4
Calgary,Canada,North America,North America,1,1,1,1,0,1,1,1,1,1,2,1,1,1,2,1,1,2,1,1,1,1,1,3,1,1
Caracas,Venuzuela,South America,South America,0,0,1,1,0,5,3,3,1,3,3,2,3,1,2,1,2,3,3,1,3,3,4,1,4,2
Casablanca,Morocco,Africa,North Africa,0,0,1,0,1,2,2,3,3,2,4,3,5,2,2,2,2,3,4,2,2,2,4,2,4,4
Chicago,USA,North America,North America,1,0,1,1,0,2,1,2,1,1,1,1,1,1,1,1,1,2,2,1,1,1,2,2,1,1
Cleveland,USA,North America,North America,1,0,1,1,0,2,1,2,1,1,1,1,2,1,1,1,1,1,2,2,1,1,2,2,1,1
Colombo,Sri Lanka,Asia,Asia,0,0,0,0,0,3,3,4,3,3,3,3,4,2,3,2,2,4,4,2,3,3,4,4,4,3
Copenhagen,Denmark,Europe,Northern Europe,0,0,1,0,0,1,1,2,1,1,2,1,1,1,1,1,1,1,1,2,1,1,1,2,1,1
Dakar,Senegal,Africa,North Africa,0,0,1,0,0,3,3,2,2,3,4,3,5,2,2,1,2,4,4,3,4,4,4,3,5,5
Dalian,Bulgaria,Europe,Eastern Europe,0,0,1,0,0,2,1,1,2,3,3,2,3,2,3,2,2,2,3,2,1,2,4,3,4,3
Damascus,Syria,Middle East,Middle East,0,0,1,0,0,2,3,2,3,4,5,2,3,2,3,2,3,3,4,2,2,3,4,2,3,4
Detroit,USA,North America,North America,1,0,1,1,0,2,1,2,1,1,1,1,2,1,1,1,1,2,2,1,1,1,2,2,1,1
Dhaka,Bangladesh,Asia,Asia,0,0,1,0,1,3,2,4,3,3,4,3,4,2,5,3,3,5,5,4,3,3,4,3,5,5
Doha,Qatar,Middle East,Middle East,0,0,1,0,0,1,2,2,3,3,4,2,3,3,3,2,1,2,3,2,2,2,2,3,3,3
Douala,Cameroon,Africa,North Africa,0,0,1,0,0,3,1,2,2,2,5,4,4,2,2,3,3,4,5,4,2,2,5,4,5,5
Dubai,UAE,Middle East,Middle East,0,0,1,0,0,1,1,2,3,2,5,2,3,2,4,2,1,3,3,1,1,2,2,4,3,3
Dublin,Ireland,Europe,Western Europe,1,0,1,1,0,2,1,2,1,1,1,2,2,1,1,1,1,2,2,2,1,1,2,1,2,1
Dusseldorf,Germany,Europe,Western Europe,0,0,1,0,0,2,1,2,1,1,2,1,1,1,1,1,1,1,1,1,1,1,1,2,1,2
Frankfurt,Germany,Europe,Western Europe,0,0,1,0,0,2,1,2,1,1,1,1,1,1,1,1,1,1,1,1,1,1,1,2,1,2
Geneva,Switzerland,Europe,Western Europe,0,0,1,0,0,1,1,1,1,1,2,1,1,1,1,1,1,1,1,2,1,1,1,2,1,2
Guangzhou,China,Asia,Asia,0,0,1,0,1,2,1,1,2,3,4,2,3,1,2,1,2,2,2,2,2,2,4,3,4,3
Guatemala City,Guatemala,North America,Central America,0,0,1,1,0,4,1,2,1,2,3,3,3,1,1,1,2,3,5,2,2,2,4,3,4,4
Hamburg,Germany,Europe,Western Europe,0,0,1,0,0,2,1,1,1,1,2,1,1,1,1,1,1,1,1,1,1,1,1,2,1,2
Hanoi,Vietnam,Asia,Asia,0,0,1,0,1,3,2,2,2,3,4,3,5,3,2,2,2,4,4,3,2,2,4,3,4,3
Harare,Zimbabwe,Africa,South Africa,0,0,0,0,0,4,3,2,2,4,5,2,4,3,4,3,2,4,5,2,4,4,3,2,5,3
Helsinki,Poland,Europe,Eastern Europe,0,1,1,0,0,1,1,1,1,1,3,2,1,1,1,1,1,1,1,2,1,1,1,2,1,1
Ho Chi Minh City,Vietnam,Asia,Asia,0,0,1,0,1,3,2,2,2,3,4,4,4,2,2,2,2,4,4,3,3,3,4,5,4,3
Hong Kong,China,Asia,Asia,0,0,1,0,1,1,1,1,1,2,2,1,2,1,1,1,1,1,1,2,1,1,1,3,2,1
Honolulu,USA,Oceania,Oceania,1,0,1,1,0,1,1,2,1,1,2,1,1,1,1,1,1,1,1,1,1,1,2,3,1,1
Houston,USA,North America,North America,1,0,1,1,0,2,1,2,1,1,1,1,1,1,1,1,1,2,2,1,1,1,2,2,1,1
Istanbul,Turkey,Middle East,Middle East,0,0,1,0,1,3,2,3,2,2,4,4,2,1,2,1,1,3,3,2,2,2,4,2,3,3
Jakarta,Indonesia,Asia,Asia,0,0,1,0,1,2,1,4,2,2,4,2,2,2,2,1,1,3,4,2,3,3,4,4,5,4
Jeddah,Saudi Arabia,Middle East,Middle East,0,0,1,0,1,1,2,4,5,4,4,2,5,3,5,2,1,2,4,1,1,2,4,4,3,4
Johannesburg,South Africa,Africa,South Africa,0,0,1,0,1,5,1,2,1,1,1,1,2,1,3,1,1,3,5,1,3,1,3,1,4,3
Karachi,Pakistan,Asia,Asia,0,0,1,0,1,4,4,5,5,5,4,1,5,2,5,1,2,4,5,2,4,4,4,4,5,5
Kathmandu,Nepal,Asia,Asia,0,0,1,0,0,2,2,4,3,3,5,3,5,2,3,2,2,3,4,3,4,4,4,3,5,5
Kiev,Ukraine,Europe,Eastern Europe,0,0,1,0,0,3,1,1,2,2,3,2,2,1,1,1,2,3,3,3,3,3,4,2,1,1
Kuala Lumpur,Malayasia,Asia,Asia,0,0,1,0,0,2,1,2,2,2,3,2,2,1,1,1,1,2,3,2,1,2,3,4,3,1
Kuwait City,Kuwait,Middle East,Middle East,0,0,1,0,0,1,2,4,5,4,4,2,3,2,5,1,1,2,3,1,1,1,3,3,4,2
Lagos,Nigeria,Africa,North Africa,0,0,1,0,1,5,2,3,3,2,4,3,3,3,3,3,3,3,5,3,3,2,4,4,5,5
Lexington,USA,North America,North America,0,0,1,1,0,2,1,2,1,1,3,2,3,2,2,2,2,2,3,2,1,1,2,2,1,1
Lima,Peru,South America,South America,0,0,0,1,1,3,2,2,1,1,3,3,3,1,1,1,1,2,4,2,1,2,4,2,4,2
Lisbon,Portugal,Europe,Western Europe,0,0,1,1,0,2,1,1,1,1,1,1,2,1,1,1,1,2,2,2,1,1,2,1,1,1
London,UK,Europe,Western Europe,1,1,1,1,1,2,1,3,1,1,1,1,1,1,1,1,1,2,2,2,1,1,1,1,1,1
Los Angeles,USA,North America,North America,1,1,1,1,1,2,1,2,1,1,1,1,1,1,1,1,1,2,3,1,1,1,2,2,1,1
Lusaka,Zambia,Africa,South Africa,0,0,0,0,0,3,2,2,2,3,5,4,4,3,3,3,3,3,4,2,3,3,4,2,5,5
Luxembourg,Belgium,Europe,Western Europe,0,0,1,0,0,1,1,1,1,1,2,1,2,1,1,1,1,2,2,1,1,1,1,2,1,3
Lyon,France,Europe,Western Europe,0,0,1,0,0,1,1,2,1,1,2,2,2,1,2,1,2,2,2,1,1,1,2,2,1,1
Madrid,Spain,Europe,Western Europe,0,0,1,1,1,2,1,2,1,1,1,1,1,1,1,1,1,1,2,2,1,1,2,2,2,1
Manchester,UK,Europe,Western Europe,1,0,1,1,0,2,1,2,1,1,1,1,1,1,1,1,1,2,2,2,1,1,1,1,1,1
Manila,Phillipines,Asia,Asia,1,0,1,0,0,2,2,3,2,2,4,3,3,1,1,1,2,3,4,2,2,2,4,4,4,3
Melbourne,Australia,Oceania,Oceania,1,1,0,0,0,1,1,1,1,1,1,1,2,1,1,1,1,1,1,1,1,1,1,1,1,1
Mexico City,Mexico,North America,North America,0,1,1,1,1,5,1,3,1,2,3,3,2,1,1,1,1,3,5,3,3,3,4,1,3,2
Miami,USA,North America,North America,1,0,1,1,0,2,1,2,1,1,1,1,1,1,1,1,1,2,2,1,1,1,2,3,1,1
Milan,Italy,Europe,Western Europe,0,0,1,0,0,2,1,1,1,1,1,1,1,1,1,1,1,2,2,2,1,1,3,2,1,1
Minneapolis,USA,North America,North America,1,0,1,1,0,2,1,2,1,1,2,1,2,1,1,1,1,1,2,1,1,1,2,3,1,1
Montevideo,Uruguay,South America,South America,0,0,0,1,0,3,1,2,1,1,3,2,2,1,2,2,2,3,3,2,1,1,2,2,1,2
Montreal,Canada,North America,North America,0,0,1,1,0,1,1,1,1,1,1,1,1,1,2,1,1,2,1,1,1,1,1,3,1,1
Moscow,Russia,Asia,Asia,0,0,1,0,1,2,2,3,1,2,2,2,1,1,1,1,2,2,2,2,1,1,4,2,1,2
Mumbai,India,Asia,Asia,0,0,1,0,1,2,2,3,3,2,2,2,4,1,2,1,1,5,5,3,2,3,4,4,5,4
Munich,Germany,Europe,Western Europe,0,1,1,0,0,2,1,2,1,1,1,1,1,1,1,1,1,2,1,2,1,1,1,2,1,2
Muscat,Oman,Middle East,Middle East,0,0,1,0,0,1,1,2,4,3,4,2,4,2,5,1,1,2,3,2,1,2,3,4,3,3
Nairobi,Kenya,Africa,South Africa,0,0,1,0,1,5,1,3,2,2,4,3,4,2,2,2,1,4,4,2,3,4,4,1,5,4
New Delhi,India,Asia,Asia,0,0,0,0,0,3,2,3,3,2,4,4,5,2,2,1,1,3,5,2,3,2,4,3,5,4
New York,USA,North America,North America,1,0,1,1,1,2,1,3,1,1,1,1,1,1,1,1,1,2,2,2,1,1,2,2,1,1
Nouma,New Caledonia,Oceania,Oceania,0,0,0,0,0,1,1,1,1,2,5,2,4,2,2,2,2,2,3,2,2,1,3,3,2,1
Osaka,Japan,Asia,Asia,0,0,1,0,0,1,1,2,1,1,2,1,1,1,1,1,1,1,2,1,1,1,2,2,1,1
Oslo,Norway,Europe,Northern Europe,0,1,1,0,0,1,1,1,1,1,2,2,2,1,2,2,1,1,1,1,1,1,1,2,1,1
Panama City,Panama,North America,Central America,0,0,1,1,0,3,1,1,1,1,3,3,3,1,1,1,2,3,3,2,2,3,4,5,3,2
Paris,France,Europe,Western Europe,0,1,1,0,0,2,1,1,1,1,1,1,1,1,1,1,1,2,1,1,1,1,2,1,1,1
Perth,Australia,Oceania,Oceania,1,0,0,0,0,1,1,1,1,1,2,1,2,1,1,1,2,1,1,1,1,1,1,2,1,1
Phnom Penh,Cambodia,Asia,Asia,0,0,1,0,0,3,2,2,2,3,4,2,4,1,2,2,1,3,4,2,3,2,4,5,5,4
Pittsburgh,USA,North America,North America,1,0,1,1,0,2,1,2,1,1,1,1,1,1,2,1,1,1,1,1,1,1,2,2,1,1
Port Moresby,Papa New Guinea,Asia,Asia,0,0,0,0,0,5,2,3,2,2,4,3,5,3,4,2,3,5,4,3,3,3,5,4,5,5
Prague,Czech Republic,Europe,Eastern Europe,0,0,1,0,0,2,1,1,1,1,2,1,1,1,1,1,1,2,2,2,1,2,3,2,1,2
Pretoria,South Africa,Africa,South Africa,0,0,0,0,0,5,1,2,1,1,1,1,2,1,3,1,1,3,5,1,2,2,3,2,4,3
Qingdao,China,Asia,Asia,0,0,1,0,0,2,1,1,2,3,3,3,4,2,3,3,2,2,2,2,2,2,4,2,4,3
Quito,Ecuador,South America,South America,0,0,1,0,0,4,1,2,1,2,3,3,2,1,1,1,1,3,3,2,2,2,4,1,4,3
Reykjavik,Iceland,Europe,Western Europe,0,0,1,0,0,1,1,1,1,1,3,2,2,1,2,2,2,2,2,2,2,1,1,2,1,1
Rio de Janeiro,Brazil,South America,South America,0,1,0,0,1,4,1,2,1,2,2,1,2,1,1,1,1,3,3,2,1,1,4,3,2,3
Riyadh,Saudi Arabia,Middle East,Middle East,0,0,1,0,1,1,2,3,5,4,5,3,5,2,5,2,2,3,4,1,2,2,4,3,3,4
Rome,Italy,Europe,Western Europe,0,1,1,0,0,2,1,1,1,1,1,1,1,1,1,1,1,1,2,2,1,1,3,2,1,1
San Francisco,USA,North America,North America,1,0,1,1,0,2,1,2,1,1,1,1,1,1,1,1,1,2,2,2,1,1,2,1,1,1
San Jose,USA,North America,North America,1,0,1,1,0,2,1,1,1,1,4,2,2,2,2,1,2,3,3,2,2,2,3,3,2,2
San Juan,USA,North America,North America,0,0,1,1,0,2,1,1,1,1,3,2,2,1,2,1,1,3,3,1,2,2,2,4,2,3
Santiago,Chile,South America,South America,0,0,0,1,1,3,1,1,1,1,3,1,2,1,1,1,1,2,3,2,1,1,2,2,2,2
Sao Paulo,Brazil,South America,South America,0,0,0,1,1,4,1,2,1,2,2,1,2,1,1,1,1,2,4,2,2,1,4,3,2,3
Seattle,USA,North America,North America,1,0,1,1,0,2,1,2,1,1,1,1,2,1,1,1,1,1,2,1,1,1,2,1,1,1
Seoul,South Korea,Asia,Asia,0,1,1,0,1,1,3,2,1,2,3,1,1,1,1,1,1,2,2,2,1,1,3,2,3,1
Shanghai,China,Asia,Asia,0,0,1,0,1,2,1,1,2,3,1,1,1,1,1,1,1,2,3,2,1,2,4,2,4,3
Shenzhen,China,Asia,Asia,0,0,1,0,1,2,1,1,2,3,4,2,2,1,2,2,1,2,3,2,1,1,4,3,4,3
Singapore,Singapore,Asia,Asia,0,0,1,0,1,1,1,2,1,3,2,1,1,1,1,1,1,1,1,1,1,1,1,4,3,3
Sofia,Bulgaria,Europe,Eastern Europe,0,0,1,0,0,2,1,2,1,2,4,3,2,2,2,2,2,3,3,3,3,3,3,2,1,1
St Petersburg,Russia,Asia,Asia,0,0,1,0,1,2,2,3,1,2,3,1,1,1,1,1,2,2,2,2,1,1,4,2,1,2
Stockholm,Sweden,Europe,Northern Europe,0,1,1,0,0,1,1,1,1,1,2,2,1,1,1,1,1,1,1,2,1,1,1,2,1,1
Suzhou,China,Asia,Asia,0,0,1,0,0,1,1,1,2,3,4,2,3,2,4,2,2,2,2,1,2,2,4,2,4,3
Sydney,Australia,Oceania,Oceania,1,1,0,0,0,2,1,1,1,1,1,1,1,1,1,1,1,1,1,1,1,1,1,2,1,1
Taipei,Taiwan,Asia,Asia,0,0,1,0,0,2,1,1,2,1,3,2,2,1,2,1,1,2,2,1,2,2,3,3,2,1
Tashkent,Uzbekizstan,Asia,Asia,0,0,1,0,0,3,3,3,3,5,4,2,2,3,2,2,3,4,4,2,3,2,4,2,2,1
Tehran,Iran,Middle East,Middle East,0,0,1,0,1,2,3,3,5,5,5,3,5,4,5,2,2,3,5,4,4,4,4,2,2,3
Tel Aviv,Israel,Middle East,Middle East,0,0,1,0,0,2,4,5,2,2,4,3,2,1,1,1,2,2,2,2,2,2,3,2,1,1
Tianjin,China,Asia,Asia,0,0,1,0,1,1,1,1,2,3,3,2,2,1,2,2,2,3,2,2,1,1,4,3,4,3
Tokyo,Japan,Asia,Asia,0,1,1,0,1,1,1,2,1,1,1,1,1,1,1,1,1,1,2,2,1,1,2,2,1,1
Toronto,Canada,North America,North America,1,0,1,1,0,1,1,1,1,1,1,1,1,1,1,1,1,2,2,2,1,1,1,2,1,1
Tripoli,Libya,Africa,North Africa,0,0,1,0,0,2,4,3,3,3,5,4,5,3,4,4,4,4,4,2,3,3,4,2,3,3
Tunis,Tunisia,Africa,North Africa,0,0,1,0,0,2,2,3,2,3,4,2,3,2,4,2,1,4,4,2,2,2,3,2,3,3
Vancouver,Canada,North America,North America,1,1,1,1,0,1,1,1,1,1,1,1,1,1,1,1,1,2,1,2,1,1,1,1,1,1
Vienna,Austria,Europe,Eastern Europe,0,0,1,0,0,1,1,1,1,1,1,1,1,1,1,1,1,1,1,1,1,1,1,2,1,1
Warsaw,Poland,Europe,Eastern Europe,0,0,1,0,0,2,1,1,1,1,3,1,1,1,1,2,1,3,3,2,1,1,4,2,2,2
Washington DC,USA,North America,North America,1,0,1,1,0,2,1,2,1,1,1,1,1,1,1,1,1,2,1,1,1,1,2,2,1,1
Wellington,New Zealand,Oceania,Oceania,1,0,0,0,0,1,1,1,1,1,2,1,2,1,2,1,1,1,2,2,1,1,1,1,1,1
Zurich,Switzerland,Europe,Western Europe,0,0,1,0,0,1,1,1,1,1,2,1,1,1,1,1,1,1,1,2,1,1,1,2,1,2